-- Adminer 4.2.1 MySQL dump

SET NAMES utf8;
SET time_zone = '+00:00';
SET foreign_key_checks = 0;
SET sql_mode = 'NO_AUTO_VALUE_ON_ZERO';

DROP TABLE IF EXISTS `cake_sessions`;
CREATE TABLE `cake_sessions` (
  `id` varchar(255) NOT NULL DEFAULT '',
  `data` text,
  `expires` int(11) DEFAULT NULL,
  `deleted` int(11) unsigned NOT NULL DEFAULT '0',
  `time` int(11) NOT NULL,
  `deleted_date` datetime NOT NULL
) ENGINE=InnoDB DEFAULT CHARSET=latin1;

INSERT INTO `cake_sessions` (`id`, `data`, `expires`, `deleted`, `time`, `deleted_date`) VALUES
('jbnknccb7bke4bvo6qbkcjgiq2',	'Config|a:8:{s:12:\"company_name\";s:22:\"Gaivo Systemworks, Inc\";s:15:\"company_address\";s:86:\"Graha Raflesia Jl. Raflesia Selatan 11/10 Citra Raya - Tangerang Banten Indonesia15710\";s:13:\"company_phone\";s:6:\"234324\";s:11:\"company_fax\";s:9:\"234324234\";s:13:\"company_email\";s:16:\"123213@wewqe.com\";s:8:\"app_name\";s:16:\"Najla Accounting\";s:25:\"accounting_current_period\";s:1:\"1\";s:15:\"company_website\";s:25:\"http://www.miznokruge.net\";}Message|a:0:{}',	1397674648,	0,	0,	'0000-00-00 00:00:00'),
('jbnknccb7bke4bvo6qbkcjgiq2',	'Config|a:8:{s:12:\"company_name\";s:22:\"Gaivo Systemworks, Inc\";s:15:\"company_address\";s:86:\"Graha Raflesia Jl. Raflesia Selatan 11/10 Citra Raya - Tangerang Banten Indonesia15710\";s:13:\"company_phone\";s:6:\"234324\";s:11:\"company_fax\";s:9:\"234324234\";s:13:\"company_email\";s:16:\"123213@wewqe.com\";s:8:\"app_name\";s:16:\"Najla Accounting\";s:25:\"accounting_current_period\";s:1:\"1\";s:15:\"company_website\";s:25:\"http://www.miznokruge.net\";}Message|a:0:{}',	1397674648,	0,	0,	'0000-00-00 00:00:00'),
('jbnknccb7bke4bvo6qbkcjgiq2',	'Config|a:8:{s:12:\"company_name\";s:22:\"Gaivo Systemworks, Inc\";s:15:\"company_address\";s:86:\"Graha Raflesia Jl. Raflesia Selatan 11/10 Citra Raya - Tangerang Banten Indonesia15710\";s:13:\"company_phone\";s:6:\"234324\";s:11:\"company_fax\";s:9:\"234324234\";s:13:\"company_email\";s:16:\"123213@wewqe.com\";s:8:\"app_name\";s:16:\"Najla Accounting\";s:25:\"accounting_current_period\";s:1:\"1\";s:15:\"company_website\";s:25:\"http://www.miznokruge.net\";}Message|a:0:{}',	1397674648,	0,	0,	'0000-00-00 00:00:00'),
('jbnknccb7bke4bvo6qbkcjgiq2',	'Config|a:8:{s:12:\"company_name\";s:22:\"Gaivo Systemworks, Inc\";s:15:\"company_address\";s:86:\"Graha Raflesia Jl. Raflesia Selatan 11/10 Citra Raya - Tangerang Banten Indonesia15710\";s:13:\"company_phone\";s:6:\"234324\";s:11:\"company_fax\";s:9:\"234324234\";s:13:\"company_email\";s:16:\"123213@wewqe.com\";s:8:\"app_name\";s:16:\"Najla Accounting\";s:25:\"accounting_current_period\";s:1:\"1\";s:15:\"company_website\";s:25:\"http://www.miznokruge.net\";}Message|a:0:{}',	1397674648,	0,	0,	'0000-00-00 00:00:00'),
('jbnknccb7bke4bvo6qbkcjgiq2',	'Config|a:8:{s:12:\"company_name\";s:22:\"Gaivo Systemworks, Inc\";s:15:\"company_address\";s:86:\"Graha Raflesia Jl. Raflesia Selatan 11/10 Citra Raya - Tangerang Banten Indonesia15710\";s:13:\"company_phone\";s:6:\"234324\";s:11:\"company_fax\";s:9:\"234324234\";s:13:\"company_email\";s:16:\"123213@wewqe.com\";s:8:\"app_name\";s:16:\"Najla Accounting\";s:25:\"accounting_current_period\";s:1:\"1\";s:15:\"company_website\";s:25:\"http://www.miznokruge.net\";}Message|a:0:{}',	1397674648,	0,	0,	'0000-00-00 00:00:00'),
('jbnknccb7bke4bvo6qbkcjgiq2',	'Config|a:8:{s:12:\"company_name\";s:22:\"Gaivo Systemworks, Inc\";s:15:\"company_address\";s:86:\"Graha Raflesia Jl. Raflesia Selatan 11/10 Citra Raya - Tangerang Banten Indonesia15710\";s:13:\"company_phone\";s:6:\"234324\";s:11:\"company_fax\";s:9:\"234324234\";s:13:\"company_email\";s:16:\"123213@wewqe.com\";s:8:\"app_name\";s:16:\"Najla Accounting\";s:25:\"accounting_current_period\";s:1:\"1\";s:15:\"company_website\";s:25:\"http://www.miznokruge.net\";}Message|a:0:{}',	1397674648,	0,	0,	'0000-00-00 00:00:00'),
('jbnknccb7bke4bvo6qbkcjgiq2',	'Config|a:8:{s:12:\"company_name\";s:22:\"Gaivo Systemworks, Inc\";s:15:\"company_address\";s:86:\"Graha Raflesia Jl. Raflesia Selatan 11/10 Citra Raya - Tangerang Banten Indonesia15710\";s:13:\"company_phone\";s:6:\"234324\";s:11:\"company_fax\";s:9:\"234324234\";s:13:\"company_email\";s:16:\"123213@wewqe.com\";s:8:\"app_name\";s:16:\"Najla Accounting\";s:25:\"accounting_current_period\";s:1:\"1\";s:15:\"company_website\";s:25:\"http://www.miznokruge.net\";}Message|a:0:{}',	1397674648,	0,	0,	'0000-00-00 00:00:00'),
('jbnknccb7bke4bvo6qbkcjgiq2',	'Config|a:8:{s:12:\"company_name\";s:22:\"Gaivo Systemworks, Inc\";s:15:\"company_address\";s:86:\"Graha Raflesia Jl. Raflesia Selatan 11/10 Citra Raya - Tangerang Banten Indonesia15710\";s:13:\"company_phone\";s:6:\"234324\";s:11:\"company_fax\";s:9:\"234324234\";s:13:\"company_email\";s:16:\"123213@wewqe.com\";s:8:\"app_name\";s:16:\"Najla Accounting\";s:25:\"accounting_current_period\";s:1:\"1\";s:15:\"company_website\";s:25:\"http://www.miznokruge.net\";}Message|a:0:{}',	1397674648,	0,	0,	'0000-00-00 00:00:00'),
('jbnknccb7bke4bvo6qbkcjgiq2',	'Config|a:8:{s:12:\"company_name\";s:22:\"Gaivo Systemworks, Inc\";s:15:\"company_address\";s:86:\"Graha Raflesia Jl. Raflesia Selatan 11/10 Citra Raya - Tangerang Banten Indonesia15710\";s:13:\"company_phone\";s:6:\"234324\";s:11:\"company_fax\";s:9:\"234324234\";s:13:\"company_email\";s:16:\"123213@wewqe.com\";s:8:\"app_name\";s:16:\"Najla Accounting\";s:25:\"accounting_current_period\";s:1:\"1\";s:15:\"company_website\";s:25:\"http://www.miznokruge.net\";}Message|a:0:{}',	1397674648,	0,	0,	'0000-00-00 00:00:00');

DROP TABLE IF EXISTS `clinics`;
CREATE TABLE `clinics` (
  `id` int(11) NOT NULL AUTO_INCREMENT,
  `name` varchar(200) NOT NULL,
  `address` varchar(200) DEFAULT NULL,
  `phone` varchar(45) DEFAULT NULL,
  PRIMARY KEY (`id`)
) ENGINE=InnoDB DEFAULT CHARSET=latin1;

INSERT INTO `clinics` (`id`, `name`, `address`, `phone`) VALUES
(3,	'Tad Benson',	'Aperiam esse omnis in voluptas debitis nostrum est quisquam non voluptas ullamco minus',	'+468-88-7581717');

DROP TABLE IF EXISTS `configs`;
CREATE TABLE `configs` (
  `id` int(11) NOT NULL AUTO_INCREMENT,
  `nama` char(200) NOT NULL,
  `keterangan` text NOT NULL,
  `displayed` int(11) NOT NULL,
  `deleted` int(11) NOT NULL,
  `deleted_date` datetime NOT NULL,
  PRIMARY KEY (`id`)
) ENGINE=InnoDB DEFAULT CHARSET=latin1;

INSERT INTO `configs` (`id`, `nama`, `keterangan`, `displayed`, `deleted`, `deleted_date`) VALUES
(1,	'app_name',	'TRANSFORMER',	0,	0,	'2035-01-01 00:00:00'),
(2,	'company_name',	'Carijasa.co',	1,	0,	'2035-01-01 00:00:00'),
(3,	'company_address',	'Jl. Raya Serang km 14.0 Cikupa, Tangerang Banten 15710',	1,	0,	'0000-00-00 00:00:00'),
(4,	'company_phone',	'021 4234324324',	1,	0,	'0000-00-00 00:00:00'),
(5,	'company_fax',	'021 345435345',	1,	0,	'0000-00-00 00:00:00'),
(6,	'company_email',	'info@miznokruge.net ',	1,	0,	'0000-00-00 00:00:00'),
(7,	'Graha Raflesia, Jl.Raflesia Selatan 11 no 10 Citra Raya, Tangerang',	'Graha Raflesia, Jl.Raflesia Selatan 11 no 10 Citra Raya, Tangerang',	1,	1,	'2015-03-09 22:20:12'),
(8,	'company_website',	'http://www.miznokruge.net',	1,	0,	'0000-00-00 00:00:00'),
(9,	'welcome_message',	'Selamat Datang Di Perpustakaan STF Muhammadiyah Tangerang\r\nSelamat Datang!\r\nSitus ini ditujukan untuk anggota Perpustakaan STF Muhammadiyah Tangerang secara khusus dan masyarakat pada umumnya. Layanan-layanan jarak jauh disediakan pada situs ini untuk memberikan kemudahan bagi pengguna jasa Perpustakaan STF Muhammadiyah Tangerang untuk meningkatkan pengetahuannya.\r\n\r\nPerpustakaan STF Muhammadiyah Tangerang merupakan unit yang berfungsi memberikan pelayanan informasi kepada mahasiswa, dosen dalam melaksanakan tugas-tugas Tri Dharma Perguruan Tinggi yang mencakup pendidikan, penelitian dan pengabdian kepada masyarakat. Perpustakaan STF Muhammadiyah Tangerang dilengkapi dengan beragam bahan pustaka yang terdiri dari buku literatur baik dalam bahasa Indonesia maupun bahasa Inggris, majalah, jurnal ilmiah serta buku ilmu pengetahuan lainnya. Fasilitas Perpustakaan STF Muhammadiyah Tangerang digunakan oleh mahasiswa, dosen, karyawan dan alumni STF Muhammadiyah Tangerang.\r\n\r\nPerpustakaan STF Muhammadiyah Tangerang untuk program profesional dan sarjana terletak beberapa lokasi kampus yaitu di kampus D - depok , kampus E - kelapa dua,kampus J - Kalimalang, Akademi Kebidanan serta perpustakaan program pasca sarjana terletak di kampus C - kenari . Sedangkan perpustakaan audio visual dan Jurnal Elektronik terdapat di kampus depok. Dan semua cabang perpustakaan universitas gunadarma menggunakan sistem informasi perpustakaan yang terintegrasi satu sama lain. ',	1,	0,	'0000-00-00 00:00:00'),
(10,	'debug_mode',	'0',	1,	0,	'0000-00-00 00:00:00'),
(11,	'logo',	'1422438735.jpg',	1,	0,	'0000-00-00 00:00:00');

DROP TABLE IF EXISTS `customers`;
CREATE TABLE `customers` (
  `id` int(11) NOT NULL AUTO_INCREMENT,
  `name` varchar(45) DEFAULT NULL,
  `address` varchar(45) DEFAULT NULL,
  `phone` varchar(45) DEFAULT NULL,
  PRIMARY KEY (`id`)
) ENGINE=InnoDB DEFAULT CHARSET=latin1;

INSERT INTO `customers` (`id`, `name`, `address`, `phone`) VALUES
(6,	'Marvin Dyer',	'Accusamus ipsum ad in ut expedita alias corru',	'+597-35-9483545');

DROP TABLE IF EXISTS `invoices`;
CREATE TABLE `invoices` (
  `id` int(11) NOT NULL AUTO_INCREMENT,
  `date` date DEFAULT NULL,
  `amount` float(10,2) DEFAULT NULL,
  `description` varchar(45) DEFAULT NULL,
  `sale_id` int(11) NOT NULL,
  PRIMARY KEY (`id`),
  KEY `fk_invoices_sales1` (`sale_id`),
  CONSTRAINT `fk_invoices_sales1` FOREIGN KEY (`sale_id`) REFERENCES `sales` (`id`) ON DELETE NO ACTION ON UPDATE NO ACTION
) ENGINE=InnoDB DEFAULT CHARSET=latin1;


DROP TABLE IF EXISTS `invoice_items`;
CREATE TABLE `invoice_items` (
  `id` int(11) NOT NULL AUTO_INCREMENT,
  `price` float(10,2) DEFAULT NULL,
  `qty` int(11) NOT NULL,
  `invoice_id` int(11) NOT NULL,
  `product_id` int(11) NOT NULL,
  PRIMARY KEY (`id`),
  KEY `fk_invoice_items_invoices1` (`invoice_id`),
  KEY `fk_invoice_items_products1` (`product_id`),
  CONSTRAINT `fk_invoice_items_invoices1` FOREIGN KEY (`invoice_id`) REFERENCES `invoices` (`id`) ON DELETE NO ACTION ON UPDATE NO ACTION,
  CONSTRAINT `fk_invoice_items_products1` FOREIGN KEY (`product_id`) REFERENCES `products` (`id`) ON DELETE NO ACTION ON UPDATE NO ACTION
) ENGINE=InnoDB DEFAULT CHARSET=latin1;


DROP TABLE IF EXISTS `login_tokens`;
CREATE TABLE `login_tokens` (
  `id` int(11) NOT NULL AUTO_INCREMENT,
  `user_id` int(11) NOT NULL,
  `token` char(32) NOT NULL,
  `duration` varchar(32) NOT NULL,
  `used` tinyint(1) NOT NULL DEFAULT '0',
  `created` datetime NOT NULL,
  `expires` datetime NOT NULL,
  `deleted_date` datetime NOT NULL,
  `deleted` int(11) NOT NULL DEFAULT '0',
  PRIMARY KEY (`id`)
) ENGINE=MyISAM DEFAULT CHARSET=utf8;


DROP TABLE IF EXISTS `menus`;
CREATE TABLE `menus` (
  `id` int(11) NOT NULL AUTO_INCREMENT,
  `name` varchar(255) NOT NULL,
  `parent_id` int(11) DEFAULT NULL,
  `controller` varchar(255) DEFAULT NULL,
  `action` varchar(255) NOT NULL,
  `label` varchar(255) NOT NULL,
  `icon` varchar(150) DEFAULT NULL,
  `order_row` int(11) NOT NULL DEFAULT '0',
  `deleted` int(11) NOT NULL,
  `deleted_date` datetime NOT NULL,
  `enabled` int(11) NOT NULL DEFAULT '1',
  PRIMARY KEY (`id`)
) ENGINE=InnoDB DEFAULT CHARSET=latin1;

INSERT INTO `menus` (`id`, `name`, `parent_id`, `controller`, `action`, `label`, `icon`, `order_row`, `deleted`, `deleted_date`, `enabled`) VALUES
(67,	'system',	NULL,	'system',	'index',	'System',	'fa-cubes',	99,	0,	'0000-00-00 00:00:00',	1),
(69,	'menu',	90,	'Menus',	'index',	'Menu',	'fa-cubes',	99,	0,	'0000-00-00 00:00:00',	1),
(70,	'permission',	91,	'user_group_permissions',	'index',	'Permission',	'fa-cubes',	99,	0,	'0000-00-00 00:00:00',	0),
(71,	'user-group',	91,	'user_groups',	'index',	'User Group',	'fa-users',	99,	0,	'0000-00-00 00:00:00',	0),
(72,	'configuration',	90,	'configs',	'index',	'Configuration',	'fa-cog',	99,	0,	'0000-00-00 00:00:00',	1),
(73,	'background',	90,	'combackgrounds',	'index',	'Background',	'fa-image',	99,	0,	'0000-00-00 00:00:00',	1),
(89,	'users',	91,	'users',	'index',	'Users',	'fa-user',	99,	0,	'0000-00-00 00:00:00',	1),
(90,	'system-configuration',	67,	'',	'',	'System Configuration',	'',	0,	0,	'0000-00-00 00:00:00',	0),
(91,	'user-management',	67,	'',	'',	'User Management',	'',	0,	0,	'0000-00-00 00:00:00',	0),
(98,	'pages',	NULL,	'Pages',	'icon',	'Pages',	'',	99,	0,	'0000-00-00 00:00:00',	0),
(105,	'help',	NULL,	'',	'',	'Help',	'',	99,	0,	'0000-00-00 00:00:00',	1),
(106,	'help-box',	105,	'',	'',	'Help-Box',	'',	99,	0,	'0000-00-00 00:00:00',	1),
(107,	'help',	106,	'Pages',	'help',	'Help',	'',	99,	0,	'0000-00-00 00:00:00',	1),
(108,	'check-for-updates',	106,	'pages',	'check_updates',	'Check for Updates',	'',	99,	0,	'0000-00-00 00:00:00',	1),
(109,	'about',	106,	'pages',	'about',	'About',	'',	99,	0,	'0000-00-00 00:00:00',	1),
(117,	'change-logo',	90,	'Configs',	'change_logo',	'Change Logo',	'',	99,	0,	'0000-00-00 00:00:00',	1);

DROP TABLE IF EXISTS `messages`;
CREATE TABLE `messages` (
  `id` int(11) NOT NULL AUTO_INCREMENT,
  `group_code` int(11) NOT NULL,
  `user_id` int(11) DEFAULT NULL,
  `subject` varchar(255) DEFAULT NULL,
  `message` text,
  `created` datetime NOT NULL DEFAULT '0000-00-00 00:00:00',
  `sendto_id` int(11) NOT NULL DEFAULT '0',
  `parent_id` int(11) DEFAULT NULL,
  `sent` int(11) DEFAULT '0',
  `is_read` int(11) DEFAULT '0',
  `deleted` int(11) DEFAULT '0',
  `deleted_date` datetime NOT NULL,
  `dropped` int(11) NOT NULL DEFAULT '0',
  PRIMARY KEY (`id`)
) ENGINE=InnoDB DEFAULT CHARSET=latin1;

INSERT INTO `messages` (`id`, `group_code`, `user_id`, `subject`, `message`, `created`, `sendto_id`, `parent_id`, `sent`, `is_read`, `deleted`, `deleted_date`, `dropped`) VALUES
(1,	0,	29,	'53454354',	'35435',	'2014-12-31 20:49:51',	6,	NULL,	0,	1,	0,	'0000-00-00 00:00:00',	0),
(2,	0,	29,	'53454354',	'35435',	'2014-12-31 20:49:51',	7,	NULL,	0,	0,	0,	'0000-00-00 00:00:00',	1),
(3,	0,	29,	'53454354',	'35435',	'2014-12-31 20:49:51',	8,	NULL,	0,	0,	0,	'0000-00-00 00:00:00',	1),
(4,	0,	29,	'tretre',	'tretretretret',	'2014-12-31 20:50:45',	8,	NULL,	1,	0,	0,	'0000-00-00 00:00:00',	1),
(5,	0,	29,	'tretre',	'tretretretret',	'2014-12-31 20:50:45',	9,	NULL,	1,	0,	0,	'0000-00-00 00:00:00',	1),
(6,	0,	29,	'tretre',	'tretretretret',	'2014-12-31 20:50:45',	10,	NULL,	1,	0,	0,	'0000-00-00 00:00:00',	1),
(7,	0,	29,	'tretre',	'tretretretret',	'2014-12-31 20:50:45',	11,	NULL,	1,	0,	0,	'0000-00-00 00:00:00',	1),
(8,	0,	12,	'Qui aperiam autem excepteur placeat ipsa aut ullam',	'Doloribus nostrud illum, ipsum quis reprehenderit eum ipsum qui nesciunt, quia inventore sit, aliquid voluptates.',	'2014-12-31 21:01:32',	5,	NULL,	1,	0,	0,	'0000-00-00 00:00:00',	1),
(9,	0,	12,	'Qui aperiam autem excepteur placeat ipsa aut ullam',	'Doloribus nostrud illum, ipsum quis reprehenderit eum ipsum qui nesciunt, quia inventore sit, aliquid voluptates.',	'2014-12-31 21:01:32',	6,	NULL,	1,	0,	0,	'0000-00-00 00:00:00',	1),
(10,	0,	12,	'Qui aperiam autem excepteur placeat ipsa aut ullam',	'Doloribus nostrud illum, ipsum quis reprehenderit eum ipsum qui nesciunt, quia inventore sit, aliquid voluptates.',	'2014-12-31 21:01:32',	7,	NULL,	1,	0,	0,	'0000-00-00 00:00:00',	1),
(11,	0,	12,	'Qui aperiam autem excepteur placeat ipsa aut ullam',	'Doloribus nostrud illum, ipsum quis reprehenderit eum ipsum qui nesciunt, quia inventore sit, aliquid voluptates.',	'2014-12-31 21:01:32',	10,	NULL,	1,	0,	0,	'0000-00-00 00:00:00',	1),
(12,	0,	12,	'Qui aperiam autem excepteur placeat ipsa aut ullam',	'Doloribus nostrud illum, ipsum quis reprehenderit eum ipsum qui nesciunt, quia inventore sit, aliquid voluptates.',	'2014-12-31 21:01:32',	15,	NULL,	1,	0,	0,	'0000-00-00 00:00:00',	1),
(13,	0,	12,	'Qui aperiam autem excepteur placeat ipsa aut ullam',	'Doloribus nostrud illum, ipsum quis reprehenderit eum ipsum qui nesciunt, quia inventore sit, aliquid voluptates.',	'2014-12-31 21:01:32',	17,	NULL,	1,	0,	0,	'0000-00-00 00:00:00',	1),
(14,	0,	12,	'Qui aperiam autem excepteur placeat ipsa aut ullam',	'Doloribus nostrud illum, ipsum quis reprehenderit eum ipsum qui nesciunt, quia inventore sit, aliquid voluptates.',	'2014-12-31 21:01:32',	18,	NULL,	1,	0,	0,	'0000-00-00 00:00:00',	1),
(15,	0,	12,	'Qui aperiam autem excepteur placeat ipsa aut ullam',	'Doloribus nostrud illum, ipsum quis reprehenderit eum ipsum qui nesciunt, quia inventore sit, aliquid voluptates.',	'2014-12-31 21:01:32',	19,	NULL,	1,	0,	0,	'0000-00-00 00:00:00',	1),
(16,	0,	12,	'Qui aperiam autem excepteur placeat ipsa aut ullam',	'Doloribus nostrud illum, ipsum quis reprehenderit eum ipsum qui nesciunt, quia inventore sit, aliquid voluptates.',	'2014-12-31 21:01:32',	20,	NULL,	1,	0,	0,	'0000-00-00 00:00:00',	1),
(17,	0,	12,	'Qui aperiam autem excepteur placeat ipsa aut ullam',	'Doloribus nostrud illum, ipsum quis reprehenderit eum ipsum qui nesciunt, quia inventore sit, aliquid voluptates.',	'2014-12-31 21:01:32',	23,	NULL,	1,	0,	0,	'0000-00-00 00:00:00',	1),
(18,	0,	12,	'Qui aperiam autem excepteur placeat ipsa aut ullam',	'Doloribus nostrud illum, ipsum quis reprehenderit eum ipsum qui nesciunt, quia inventore sit, aliquid voluptates.',	'2014-12-31 21:01:32',	28,	NULL,	1,	0,	0,	'0000-00-00 00:00:00',	1),
(19,	0,	12,	'Qui excepteur id aperiam id proident anim ipsum consectetur omnis ipsum distinctio',	'Quisquam optio, cum nulla optio, est dolores quas fugit, ipsa, animi, soluta anim consequatur? Ullamco.',	'2014-12-31 21:02:35',	6,	NULL,	1,	0,	0,	'0000-00-00 00:00:00',	1),
(20,	0,	12,	'Qui excepteur id aperiam id proident anim ipsum consectetur omnis ipsum distinctio',	'Quisquam optio, cum nulla optio, est dolores quas fugit, ipsa, animi, soluta anim consequatur? Ullamco.',	'2014-12-31 21:02:35',	8,	NULL,	1,	0,	0,	'0000-00-00 00:00:00',	1),
(21,	0,	12,	'Qui excepteur id aperiam id proident anim ipsum consectetur omnis ipsum distinctio',	'Quisquam optio, cum nulla optio, est dolores quas fugit, ipsa, animi, soluta anim consequatur? Ullamco.',	'2014-12-31 21:02:35',	11,	NULL,	1,	0,	0,	'0000-00-00 00:00:00',	1),
(22,	0,	12,	'Qui excepteur id aperiam id proident anim ipsum consectetur omnis ipsum distinctio',	'Quisquam optio, cum nulla optio, est dolores quas fugit, ipsa, animi, soluta anim consequatur? Ullamco.',	'2014-12-31 21:02:35',	13,	NULL,	1,	0,	0,	'0000-00-00 00:00:00',	1),
(23,	0,	12,	'Qui excepteur id aperiam id proident anim ipsum consectetur omnis ipsum distinctio',	'Quisquam optio, cum nulla optio, est dolores quas fugit, ipsa, animi, soluta anim consequatur? Ullamco.',	'2014-12-31 21:02:35',	15,	NULL,	1,	0,	0,	'0000-00-00 00:00:00',	1),
(24,	0,	12,	'Qui excepteur id aperiam id proident anim ipsum consectetur omnis ipsum distinctio',	'Quisquam optio, cum nulla optio, est dolores quas fugit, ipsa, animi, soluta anim consequatur? Ullamco.',	'2014-12-31 21:02:35',	20,	NULL,	1,	0,	0,	'0000-00-00 00:00:00',	1),
(25,	0,	12,	'Qui excepteur id aperiam id proident anim ipsum consectetur omnis ipsum distinctio',	'Quisquam optio, cum nulla optio, est dolores quas fugit, ipsa, animi, soluta anim consequatur? Ullamco.',	'2014-12-31 21:02:35',	21,	NULL,	1,	0,	0,	'0000-00-00 00:00:00',	1),
(26,	0,	12,	'Qui excepteur id aperiam id proident anim ipsum consectetur omnis ipsum distinctio',	'Quisquam optio, cum nulla optio, est dolores quas fugit, ipsa, animi, soluta anim consequatur? Ullamco.',	'2014-12-31 21:02:35',	23,	NULL,	1,	0,	0,	'0000-00-00 00:00:00',	1),
(27,	0,	12,	'Qui excepteur id aperiam id proident anim ipsum consectetur omnis ipsum distinctio',	'Quisquam optio, cum nulla optio, est dolores quas fugit, ipsa, animi, soluta anim consequatur? Ullamco.',	'2014-12-31 21:02:35',	25,	NULL,	1,	0,	0,	'0000-00-00 00:00:00',	1),
(28,	0,	12,	'Qui excepteur id aperiam id proident anim ipsum consectetur omnis ipsum distinctio',	'Quisquam optio, cum nulla optio, est dolores quas fugit, ipsa, animi, soluta anim consequatur? Ullamco.',	'2014-12-31 21:02:35',	28,	NULL,	1,	0,	0,	'0000-00-00 00:00:00',	1),
(29,	0,	12,	'Qui excepteur id aperiam id proident anim ipsum consectetur omnis ipsum distinctio',	'Quisquam optio, cum nulla optio, est dolores quas fugit, ipsa, animi, soluta anim consequatur? Ullamco.',	'2014-12-31 21:02:35',	29,	NULL,	1,	1,	1,	'0000-00-00 00:00:00',	0),
(30,	0,	12,	'Molestias minima laudantium aliqua Harum enim',	'Qui dolorem sunt, consequat. Veritatis inventore dolor qui ad excepteur ut dolores dolor ex sit, quis aute.',	'2014-12-31 21:05:05',	4,	NULL,	1,	1,	0,	'0000-00-00 00:00:00',	0),
(31,	0,	12,	'Molestias minima laudantium aliqua Harum enim',	'Qui dolorem sunt, consequat. Veritatis inventore dolor qui ad excepteur ut dolores dolor ex sit, quis aute.',	'2014-12-31 21:05:05',	7,	NULL,	1,	0,	0,	'0000-00-00 00:00:00',	1),
(32,	0,	12,	'Molestias minima laudantium aliqua Harum enim',	'Qui dolorem sunt, consequat. Veritatis inventore dolor qui ad excepteur ut dolores dolor ex sit, quis aute.',	'2014-12-31 21:05:05',	23,	NULL,	1,	0,	0,	'0000-00-00 00:00:00',	1),
(33,	0,	12,	'Molestias minima laudantium aliqua Harum enim',	'Qui dolorem sunt, consequat. Veritatis inventore dolor qui ad excepteur ut dolores dolor ex sit, quis aute.',	'2014-12-31 21:05:05',	29,	NULL,	1,	1,	1,	'0000-00-00 00:00:00',	0),
(34,	0,	12,	'Non et tenetur irure omnis quasi ad nulla magna nulla modi sed nesciunt accusamus laboris dolor quisquam esse',	'Rem numquam exercitation laboriosam, cum dolores qui dolor iste sunt sit est voluptate modi laboris esse praesentium et.\r\n\r\nRem numquam exercitation laboriosam, cum dolores qui dolor iste sunt sit est voluptate modi laboris esse praesentium et.\r\n\r\nRem numquam exercitation laboriosam, cum dolores qui dolor iste sunt sit est voluptate modi laboris esse praesentium et.\r\n\r\nRem numquam exercitation laboriosam, cum dolores qui dolor iste sunt sit est voluptate modi laboris esse praesentium et.\r\n\r\nRem numquam exercitation laboriosam, cum dolores qui dolor iste sunt sit est voluptate modi laboris esse praesentium et.\r\n\r\nRem numquam exercitation laboriosam, cum dolores qui dolor iste sunt sit est voluptate modi laboris esse praesentium et.\r\n\r\nRem numquam exercitation laboriosam, cum dolores qui dolor iste sunt sit est voluptate modi laboris esse praesentium et.',	'2014-12-31 21:05:53',	5,	NULL,	1,	0,	0,	'0000-00-00 00:00:00',	1),
(35,	0,	12,	'Non et tenetur irure omnis quasi ad nulla magna nulla modi sed nesciunt accusamus laboris dolor quisquam esse',	'Rem numquam exercitation laboriosam, cum dolores qui dolor iste sunt sit est voluptate modi laboris esse praesentium et.\r\n\r\nRem numquam exercitation laboriosam, cum dolores qui dolor iste sunt sit est voluptate modi laboris esse praesentium et.\r\n\r\nRem numquam exercitation laboriosam, cum dolores qui dolor iste sunt sit est voluptate modi laboris esse praesentium et.\r\n\r\nRem numquam exercitation laboriosam, cum dolores qui dolor iste sunt sit est voluptate modi laboris esse praesentium et.\r\n\r\nRem numquam exercitation laboriosam, cum dolores qui dolor iste sunt sit est voluptate modi laboris esse praesentium et.\r\n\r\nRem numquam exercitation laboriosam, cum dolores qui dolor iste sunt sit est voluptate modi laboris esse praesentium et.\r\n\r\nRem numquam exercitation laboriosam, cum dolores qui dolor iste sunt sit est voluptate modi laboris esse praesentium et.',	'2014-12-31 21:05:53',	6,	NULL,	1,	0,	0,	'0000-00-00 00:00:00',	1),
(36,	0,	12,	'Non et tenetur irure omnis quasi ad nulla magna nulla modi sed nesciunt accusamus laboris dolor quisquam esse',	'Rem numquam exercitation laboriosam, cum dolores qui dolor iste sunt sit est voluptate modi laboris esse praesentium et.\r\n\r\nRem numquam exercitation laboriosam, cum dolores qui dolor iste sunt sit est voluptate modi laboris esse praesentium et.\r\n\r\nRem numquam exercitation laboriosam, cum dolores qui dolor iste sunt sit est voluptate modi laboris esse praesentium et.\r\n\r\nRem numquam exercitation laboriosam, cum dolores qui dolor iste sunt sit est voluptate modi laboris esse praesentium et.\r\n\r\nRem numquam exercitation laboriosam, cum dolores qui dolor iste sunt sit est voluptate modi laboris esse praesentium et.\r\n\r\nRem numquam exercitation laboriosam, cum dolores qui dolor iste sunt sit est voluptate modi laboris esse praesentium et.\r\n\r\nRem numquam exercitation laboriosam, cum dolores qui dolor iste sunt sit est voluptate modi laboris esse praesentium et.',	'2014-12-31 21:05:53',	10,	NULL,	1,	0,	0,	'0000-00-00 00:00:00',	1),
(37,	0,	12,	'Non et tenetur irure omnis quasi ad nulla magna nulla modi sed nesciunt accusamus laboris dolor quisquam esse',	'Rem numquam exercitation laboriosam, cum dolores qui dolor iste sunt sit est voluptate modi laboris esse praesentium et.\r\n\r\nRem numquam exercitation laboriosam, cum dolores qui dolor iste sunt sit est voluptate modi laboris esse praesentium et.\r\n\r\nRem numquam exercitation laboriosam, cum dolores qui dolor iste sunt sit est voluptate modi laboris esse praesentium et.\r\n\r\nRem numquam exercitation laboriosam, cum dolores qui dolor iste sunt sit est voluptate modi laboris esse praesentium et.\r\n\r\nRem numquam exercitation laboriosam, cum dolores qui dolor iste sunt sit est voluptate modi laboris esse praesentium et.\r\n\r\nRem numquam exercitation laboriosam, cum dolores qui dolor iste sunt sit est voluptate modi laboris esse praesentium et.\r\n\r\nRem numquam exercitation laboriosam, cum dolores qui dolor iste sunt sit est voluptate modi laboris esse praesentium et.',	'2014-12-31 21:05:53',	13,	NULL,	1,	0,	0,	'0000-00-00 00:00:00',	1),
(38,	0,	12,	'Non et tenetur irure omnis quasi ad nulla magna nulla modi sed nesciunt accusamus laboris dolor quisquam esse',	'Rem numquam exercitation laboriosam, cum dolores qui dolor iste sunt sit est voluptate modi laboris esse praesentium et.\r\n\r\nRem numquam exercitation laboriosam, cum dolores qui dolor iste sunt sit est voluptate modi laboris esse praesentium et.\r\n\r\nRem numquam exercitation laboriosam, cum dolores qui dolor iste sunt sit est voluptate modi laboris esse praesentium et.\r\n\r\nRem numquam exercitation laboriosam, cum dolores qui dolor iste sunt sit est voluptate modi laboris esse praesentium et.\r\n\r\nRem numquam exercitation laboriosam, cum dolores qui dolor iste sunt sit est voluptate modi laboris esse praesentium et.\r\n\r\nRem numquam exercitation laboriosam, cum dolores qui dolor iste sunt sit est voluptate modi laboris esse praesentium et.\r\n\r\nRem numquam exercitation laboriosam, cum dolores qui dolor iste sunt sit est voluptate modi laboris esse praesentium et.',	'2014-12-31 21:05:53',	15,	NULL,	1,	0,	0,	'0000-00-00 00:00:00',	1),
(39,	0,	12,	'Non et tenetur irure omnis quasi ad nulla magna nulla modi sed nesciunt accusamus laboris dolor quisquam esse',	'Rem numquam exercitation laboriosam, cum dolores qui dolor iste sunt sit est voluptate modi laboris esse praesentium et.\r\n\r\nRem numquam exercitation laboriosam, cum dolores qui dolor iste sunt sit est voluptate modi laboris esse praesentium et.\r\n\r\nRem numquam exercitation laboriosam, cum dolores qui dolor iste sunt sit est voluptate modi laboris esse praesentium et.\r\n\r\nRem numquam exercitation laboriosam, cum dolores qui dolor iste sunt sit est voluptate modi laboris esse praesentium et.\r\n\r\nRem numquam exercitation laboriosam, cum dolores qui dolor iste sunt sit est voluptate modi laboris esse praesentium et.\r\n\r\nRem numquam exercitation laboriosam, cum dolores qui dolor iste sunt sit est voluptate modi laboris esse praesentium et.\r\n\r\nRem numquam exercitation laboriosam, cum dolores qui dolor iste sunt sit est voluptate modi laboris esse praesentium et.',	'2014-12-31 21:05:53',	17,	NULL,	1,	0,	0,	'0000-00-00 00:00:00',	1),
(40,	0,	12,	'Non et tenetur irure omnis quasi ad nulla magna nulla modi sed nesciunt accusamus laboris dolor quisquam esse',	'Rem numquam exercitation laboriosam, cum dolores qui dolor iste sunt sit est voluptate modi laboris esse praesentium et.\r\n\r\nRem numquam exercitation laboriosam, cum dolores qui dolor iste sunt sit est voluptate modi laboris esse praesentium et.\r\n\r\nRem numquam exercitation laboriosam, cum dolores qui dolor iste sunt sit est voluptate modi laboris esse praesentium et.\r\n\r\nRem numquam exercitation laboriosam, cum dolores qui dolor iste sunt sit est voluptate modi laboris esse praesentium et.\r\n\r\nRem numquam exercitation laboriosam, cum dolores qui dolor iste sunt sit est voluptate modi laboris esse praesentium et.\r\n\r\nRem numquam exercitation laboriosam, cum dolores qui dolor iste sunt sit est voluptate modi laboris esse praesentium et.\r\n\r\nRem numquam exercitation laboriosam, cum dolores qui dolor iste sunt sit est voluptate modi laboris esse praesentium et.',	'2014-12-31 21:05:53',	18,	NULL,	1,	0,	0,	'0000-00-00 00:00:00',	1),
(41,	0,	12,	'Non et tenetur irure omnis quasi ad nulla magna nulla modi sed nesciunt accusamus laboris dolor quisquam esse',	'Rem numquam exercitation laboriosam, cum dolores qui dolor iste sunt sit est voluptate modi laboris esse praesentium et.\r\n\r\nRem numquam exercitation laboriosam, cum dolores qui dolor iste sunt sit est voluptate modi laboris esse praesentium et.\r\n\r\nRem numquam exercitation laboriosam, cum dolores qui dolor iste sunt sit est voluptate modi laboris esse praesentium et.\r\n\r\nRem numquam exercitation laboriosam, cum dolores qui dolor iste sunt sit est voluptate modi laboris esse praesentium et.\r\n\r\nRem numquam exercitation laboriosam, cum dolores qui dolor iste sunt sit est voluptate modi laboris esse praesentium et.\r\n\r\nRem numquam exercitation laboriosam, cum dolores qui dolor iste sunt sit est voluptate modi laboris esse praesentium et.\r\n\r\nRem numquam exercitation laboriosam, cum dolores qui dolor iste sunt sit est voluptate modi laboris esse praesentium et.',	'2014-12-31 21:05:53',	20,	NULL,	1,	0,	0,	'0000-00-00 00:00:00',	1),
(42,	0,	12,	'Non et tenetur irure omnis quasi ad nulla magna nulla modi sed nesciunt accusamus laboris dolor quisquam esse',	'Rem numquam exercitation laboriosam, cum dolores qui dolor iste sunt sit est voluptate modi laboris esse praesentium et.\r\n\r\nRem numquam exercitation laboriosam, cum dolores qui dolor iste sunt sit est voluptate modi laboris esse praesentium et.\r\n\r\nRem numquam exercitation laboriosam, cum dolores qui dolor iste sunt sit est voluptate modi laboris esse praesentium et.\r\n\r\nRem numquam exercitation laboriosam, cum dolores qui dolor iste sunt sit est voluptate modi laboris esse praesentium et.\r\n\r\nRem numquam exercitation laboriosam, cum dolores qui dolor iste sunt sit est voluptate modi laboris esse praesentium et.\r\n\r\nRem numquam exercitation laboriosam, cum dolores qui dolor iste sunt sit est voluptate modi laboris esse praesentium et.\r\n\r\nRem numquam exercitation laboriosam, cum dolores qui dolor iste sunt sit est voluptate modi laboris esse praesentium et.',	'2014-12-31 21:05:53',	21,	NULL,	1,	0,	0,	'0000-00-00 00:00:00',	1),
(43,	0,	12,	'Non et tenetur irure omnis quasi ad nulla magna nulla modi sed nesciunt accusamus laboris dolor quisquam esse',	'Rem numquam exercitation laboriosam, cum dolores qui dolor iste sunt sit est voluptate modi laboris esse praesentium et.\r\n\r\nRem numquam exercitation laboriosam, cum dolores qui dolor iste sunt sit est voluptate modi laboris esse praesentium et.\r\n\r\nRem numquam exercitation laboriosam, cum dolores qui dolor iste sunt sit est voluptate modi laboris esse praesentium et.\r\n\r\nRem numquam exercitation laboriosam, cum dolores qui dolor iste sunt sit est voluptate modi laboris esse praesentium et.\r\n\r\nRem numquam exercitation laboriosam, cum dolores qui dolor iste sunt sit est voluptate modi laboris esse praesentium et.\r\n\r\nRem numquam exercitation laboriosam, cum dolores qui dolor iste sunt sit est voluptate modi laboris esse praesentium et.\r\n\r\nRem numquam exercitation laboriosam, cum dolores qui dolor iste sunt sit est voluptate modi laboris esse praesentium et.',	'2014-12-31 21:05:53',	24,	NULL,	1,	0,	0,	'0000-00-00 00:00:00',	1),
(44,	0,	12,	'Non et tenetur irure omnis quasi ad nulla magna nulla modi sed nesciunt accusamus laboris dolor quisquam esse',	'Rem numquam exercitation laboriosam, cum dolores qui dolor iste sunt sit est voluptate modi laboris esse praesentium et.\r\n\r\nRem numquam exercitation laboriosam, cum dolores qui dolor iste sunt sit est voluptate modi laboris esse praesentium et.\r\n\r\nRem numquam exercitation laboriosam, cum dolores qui dolor iste sunt sit est voluptate modi laboris esse praesentium et.\r\n\r\nRem numquam exercitation laboriosam, cum dolores qui dolor iste sunt sit est voluptate modi laboris esse praesentium et.\r\n\r\nRem numquam exercitation laboriosam, cum dolores qui dolor iste sunt sit est voluptate modi laboris esse praesentium et.\r\n\r\nRem numquam exercitation laboriosam, cum dolores qui dolor iste sunt sit est voluptate modi laboris esse praesentium et.\r\n\r\nRem numquam exercitation laboriosam, cum dolores qui dolor iste sunt sit est voluptate modi laboris esse praesentium et.',	'2014-12-31 21:05:53',	29,	NULL,	1,	1,	1,	'0000-00-00 00:00:00',	0),
(45,	0,	29,	'Re:Molestias minima laudantium aliqua Harum enim',	'Qui dolorem sunt, consequat. Veritatis inventore dolor qui ad excepteur ut dolores dolor ex sit, quis aute.',	'2014-12-31 21:19:21',	12,	NULL,	1,	1,	0,	'0000-00-00 00:00:00',	0),
(46,	0,	12,	'Re:Re:Molestias minima laudantium aliqua Harum enim',	'Qui dolorem sunt, consequat. Veritatis inventore dolor qui ad excepteur ut dolores dolor ex sit, quis aute.',	'2014-12-31 21:20:02',	29,	NULL,	1,	0,	1,	'0000-00-00 00:00:00',	0),
(47,	0,	4,	'Expedita quia nisi sunt sed omnis dolore',	'Rerum dolor ea qui ex mollit non voluptate hic nostrum.',	'2015-01-01 03:57:51',	29,	NULL,	1,	0,	1,	'0000-00-00 00:00:00',	0),
(48,	0,	4,	'Re: lala lele',	'lala lele, please jangan lala lele lagi',	'2015-01-01 04:01:15',	29,	NULL,	1,	0,	1,	'0000-00-00 00:00:00',	0),
(49,	0,	4,	'Selamat Datang Di Perpustakaan STF Muhammadiyah Tangerang',	'Selamat Datang Di Perpustakaan STF Muhammadiyah Tangerang\r\nSelamat Datang!\r\nSitus ini ditujukan untuk anggota Perpustakaan STF Muhammadiyah Tangerang secara khusus dan masyarakat pada umumnya. Layanan-layanan jarak jauh disediakan pada situs ini untuk memberikan kemudahan bagi pengguna jasa Perpustakaan STF Muhammadiyah Tangerang untuk meningkatkan pengetahuannya.\r\n\r\nPerpustakaan STF Muhammadiyah Tangerang merupakan unit yang berfungsi memberikan pelayanan informasi kepada mahasiswa, dosen dalam melaksanakan tugas-tugas Tri Dharma Perguruan Tinggi yang mencakup pendidikan, penelitian dan pengabdian kepada masyarakat. Perpustakaan STF Muhammadiyah Tangerang dilengkapi dengan beragam bahan pustaka yang terdiri dari buku literatur baik dalam bahasa Indonesia maupun bahasa Inggris, majalah, jurnal ilmiah serta buku ilmu pengetahuan lainnya. Fasilitas Perpustakaan STF Muhammadiyah Tangerang digunakan oleh mahasiswa, dosen, karyawan dan alumni STF Muhammadiyah Tangerang.\r\n\r\nPerpustakaan STF Muhammadiyah Tangerang untuk program profesional dan sarjana terletak beberapa lokasi kampus yaitu di kampus D - depok , kampus E - kelapa dua,kampus J - Kalimalang, Akademi Kebidanan serta perpustakaan program pasca sarjana terletak di kampus C - kenari . Sedangkan perpustakaan audio visual dan Jurnal Elektronik terdapat di kampus depok. Dan semua cabang perpustakaan universitas gunadarma menggunakan sistem informasi perpustakaan yang terintegrasi satu sama lain. ',	'2015-01-01 05:13:50',	29,	NULL,	1,	1,	0,	'0000-00-00 00:00:00',	0),
(50,	0,	4,	'makan siang',	'makan bro.... gak makan ntar paeh sia',	'2015-01-01 08:06:36',	29,	NULL,	1,	1,	0,	'0000-00-00 00:00:00',	0),
(51,	0,	29,	'Re:makan siang',	'makan bro.... gak makan ntar paeh sia\r\n\r\nkampreettt',	'2015-01-01 08:08:43',	4,	NULL,	1,	1,	0,	'0000-00-00 00:00:00',	0),
(52,	0,	4,	'Iusto amet beatae eligendi qui odit ad id quae est at',	'Itaque natus eos, sed ad laborum. Odio ex tenetur magni voluptas molestias necessitatibus quasi libero.',	'2015-01-01 08:15:04',	29,	NULL,	1,	1,	0,	'0000-00-00 00:00:00',	0),
(53,	0,	4,	'Hic maxime voluptatem Aut non quia in voluptas',	'Incididunt saepe repellendus. Sint, incididunt deleniti dolor veniam, est optio, eius est.',	'2015-01-01 08:15:13',	8,	NULL,	1,	0,	0,	'0000-00-00 00:00:00',	1),
(54,	0,	4,	'Hic maxime voluptatem Aut non quia in voluptas',	'Incididunt saepe repellendus. Sint, incididunt deleniti dolor veniam, est optio, eius est.',	'2015-01-01 08:15:13',	12,	NULL,	1,	1,	0,	'0000-00-00 00:00:00',	0),
(55,	0,	4,	'Hic maxime voluptatem Aut non quia in voluptas',	'Incididunt saepe repellendus. Sint, incididunt deleniti dolor veniam, est optio, eius est.',	'2015-01-01 08:15:13',	27,	NULL,	1,	0,	0,	'0000-00-00 00:00:00',	1),
(56,	0,	4,	'Hic maxime voluptatem Aut non quia in voluptas',	'Incididunt saepe repellendus. Sint, incididunt deleniti dolor veniam, est optio, eius est.',	'2015-01-01 08:15:13',	28,	NULL,	1,	0,	0,	'0000-00-00 00:00:00',	1),
(57,	0,	4,	'Hic maxime voluptatem Aut non quia in voluptas',	'Incididunt saepe repellendus. Sint, incididunt deleniti dolor veniam, est optio, eius est.',	'2015-01-01 08:15:13',	29,	NULL,	1,	1,	0,	'0000-00-00 00:00:00',	0),
(58,	0,	4,	'Lorem sint ut enim aliquip',	'Laudantium, harum dignissimos officia est velit, sint, totam ex ab.',	'2015-01-01 08:15:21',	10,	NULL,	1,	0,	0,	'0000-00-00 00:00:00',	1),
(59,	0,	4,	'Lorem sint ut enim aliquip',	'Laudantium, harum dignissimos officia est velit, sint, totam ex ab.',	'2015-01-01 08:15:21',	15,	NULL,	1,	0,	0,	'0000-00-00 00:00:00',	1),
(60,	0,	4,	'Lorem sint ut enim aliquip',	'Laudantium, harum dignissimos officia est velit, sint, totam ex ab.',	'2015-01-01 08:15:21',	19,	NULL,	1,	0,	0,	'0000-00-00 00:00:00',	1),
(61,	0,	4,	'Lorem sint ut enim aliquip',	'Laudantium, harum dignissimos officia est velit, sint, totam ex ab.',	'2015-01-01 08:15:21',	29,	NULL,	1,	1,	0,	'0000-00-00 00:00:00',	0),
(62,	0,	4,	'Autem corrupti excepteur dolores eveniet harum tenetur nulla ut consequat Placeat',	'Consequatur? Fuga. Eum rerum quae odio quas consequatur, corrupti, beatae nostrud.',	'2015-01-01 08:15:31',	6,	NULL,	1,	0,	0,	'0000-00-00 00:00:00',	1),
(63,	0,	4,	'Autem corrupti excepteur dolores eveniet harum tenetur nulla ut consequat Placeat',	'Consequatur? Fuga. Eum rerum quae odio quas consequatur, corrupti, beatae nostrud.',	'2015-01-01 08:15:31',	7,	NULL,	1,	0,	0,	'0000-00-00 00:00:00',	1),
(64,	0,	4,	'Autem corrupti excepteur dolores eveniet harum tenetur nulla ut consequat Placeat',	'Consequatur? Fuga. Eum rerum quae odio quas consequatur, corrupti, beatae nostrud.',	'2015-01-01 08:15:31',	8,	NULL,	1,	0,	0,	'0000-00-00 00:00:00',	1),
(65,	0,	4,	'Autem corrupti excepteur dolores eveniet harum tenetur nulla ut consequat Placeat',	'Consequatur? Fuga. Eum rerum quae odio quas consequatur, corrupti, beatae nostrud.',	'2015-01-01 08:15:31',	11,	NULL,	1,	0,	0,	'0000-00-00 00:00:00',	1),
(66,	0,	4,	'Autem corrupti excepteur dolores eveniet harum tenetur nulla ut consequat Placeat',	'Consequatur? Fuga. Eum rerum quae odio quas consequatur, corrupti, beatae nostrud.',	'2015-01-01 08:15:31',	12,	NULL,	1,	1,	0,	'0000-00-00 00:00:00',	0),
(67,	0,	4,	'Autem corrupti excepteur dolores eveniet harum tenetur nulla ut consequat Placeat',	'Consequatur? Fuga. Eum rerum quae odio quas consequatur, corrupti, beatae nostrud.',	'2015-01-01 08:15:31',	19,	NULL,	1,	0,	0,	'0000-00-00 00:00:00',	1),
(68,	0,	4,	'Autem corrupti excepteur dolores eveniet harum tenetur nulla ut consequat Placeat',	'Consequatur? Fuga. Eum rerum quae odio quas consequatur, corrupti, beatae nostrud.',	'2015-01-01 08:15:31',	25,	NULL,	1,	0,	0,	'0000-00-00 00:00:00',	1),
(69,	0,	4,	'Autem corrupti excepteur dolores eveniet harum tenetur nulla ut consequat Placeat',	'Consequatur? Fuga. Eum rerum quae odio quas consequatur, corrupti, beatae nostrud.',	'2015-01-01 08:15:31',	26,	NULL,	1,	0,	0,	'0000-00-00 00:00:00',	1),
(70,	0,	4,	'Autem corrupti excepteur dolores eveniet harum tenetur nulla ut consequat Placeat',	'Consequatur? Fuga. Eum rerum quae odio quas consequatur, corrupti, beatae nostrud.',	'2015-01-01 08:15:31',	29,	NULL,	1,	1,	0,	'0000-00-00 00:00:00',	0),
(71,	0,	4,	'Ut veniam nihil eveniet esse vel quia velit itaque dolorum molestiae',	'Quaerat iste sapiente sint, irure facilis eveniet, esse eum non necessitatibus officia porro quidem quo.',	'2015-01-01 08:15:50',	7,	NULL,	1,	0,	0,	'0000-00-00 00:00:00',	1),
(72,	0,	4,	'Ut veniam nihil eveniet esse vel quia velit itaque dolorum molestiae',	'Quaerat iste sapiente sint, irure facilis eveniet, esse eum non necessitatibus officia porro quidem quo.',	'2015-01-01 08:15:50',	9,	NULL,	1,	0,	0,	'0000-00-00 00:00:00',	1),
(73,	0,	4,	'Ut veniam nihil eveniet esse vel quia velit itaque dolorum molestiae',	'Quaerat iste sapiente sint, irure facilis eveniet, esse eum non necessitatibus officia porro quidem quo.',	'2015-01-01 08:15:50',	10,	NULL,	1,	0,	0,	'0000-00-00 00:00:00',	1),
(74,	0,	4,	'Ut veniam nihil eveniet esse vel quia velit itaque dolorum molestiae',	'Quaerat iste sapiente sint, irure facilis eveniet, esse eum non necessitatibus officia porro quidem quo.',	'2015-01-01 08:15:50',	12,	NULL,	1,	1,	0,	'0000-00-00 00:00:00',	0),
(75,	0,	4,	'Ut veniam nihil eveniet esse vel quia velit itaque dolorum molestiae',	'Quaerat iste sapiente sint, irure facilis eveniet, esse eum non necessitatibus officia porro quidem quo.',	'2015-01-01 08:15:50',	13,	NULL,	1,	0,	0,	'0000-00-00 00:00:00',	1),
(76,	0,	4,	'Ut veniam nihil eveniet esse vel quia velit itaque dolorum molestiae',	'Quaerat iste sapiente sint, irure facilis eveniet, esse eum non necessitatibus officia porro quidem quo.',	'2015-01-01 08:15:50',	14,	NULL,	1,	0,	0,	'0000-00-00 00:00:00',	1),
(77,	0,	4,	'Ut veniam nihil eveniet esse vel quia velit itaque dolorum molestiae',	'Quaerat iste sapiente sint, irure facilis eveniet, esse eum non necessitatibus officia porro quidem quo.',	'2015-01-01 08:15:50',	15,	NULL,	1,	0,	0,	'0000-00-00 00:00:00',	1),
(78,	0,	4,	'Ut veniam nihil eveniet esse vel quia velit itaque dolorum molestiae',	'Quaerat iste sapiente sint, irure facilis eveniet, esse eum non necessitatibus officia porro quidem quo.',	'2015-01-01 08:15:50',	17,	NULL,	1,	0,	0,	'0000-00-00 00:00:00',	1),
(79,	0,	4,	'Ut veniam nihil eveniet esse vel quia velit itaque dolorum molestiae',	'Quaerat iste sapiente sint, irure facilis eveniet, esse eum non necessitatibus officia porro quidem quo.',	'2015-01-01 08:15:50',	18,	NULL,	1,	0,	0,	'0000-00-00 00:00:00',	1),
(80,	0,	4,	'Ut veniam nihil eveniet esse vel quia velit itaque dolorum molestiae',	'Quaerat iste sapiente sint, irure facilis eveniet, esse eum non necessitatibus officia porro quidem quo.',	'2015-01-01 08:15:50',	20,	NULL,	1,	0,	0,	'0000-00-00 00:00:00',	1),
(81,	0,	4,	'Ut veniam nihil eveniet esse vel quia velit itaque dolorum molestiae',	'Quaerat iste sapiente sint, irure facilis eveniet, esse eum non necessitatibus officia porro quidem quo.',	'2015-01-01 08:15:50',	21,	NULL,	1,	0,	0,	'0000-00-00 00:00:00',	1),
(82,	0,	4,	'Ut veniam nihil eveniet esse vel quia velit itaque dolorum molestiae',	'Quaerat iste sapiente sint, irure facilis eveniet, esse eum non necessitatibus officia porro quidem quo.',	'2015-01-01 08:15:50',	23,	NULL,	1,	0,	0,	'0000-00-00 00:00:00',	1),
(83,	0,	4,	'Ut veniam nihil eveniet esse vel quia velit itaque dolorum molestiae',	'Quaerat iste sapiente sint, irure facilis eveniet, esse eum non necessitatibus officia porro quidem quo.',	'2015-01-01 08:15:50',	24,	NULL,	1,	0,	0,	'0000-00-00 00:00:00',	1),
(84,	0,	4,	'Ut veniam nihil eveniet esse vel quia velit itaque dolorum molestiae',	'Quaerat iste sapiente sint, irure facilis eveniet, esse eum non necessitatibus officia porro quidem quo.',	'2015-01-01 08:15:50',	25,	NULL,	1,	0,	0,	'0000-00-00 00:00:00',	1),
(85,	0,	4,	'Ut veniam nihil eveniet esse vel quia velit itaque dolorum molestiae',	'Quaerat iste sapiente sint, irure facilis eveniet, esse eum non necessitatibus officia porro quidem quo.',	'2015-01-01 08:15:50',	27,	NULL,	1,	0,	0,	'0000-00-00 00:00:00',	1),
(86,	0,	4,	'Ut veniam nihil eveniet esse vel quia velit itaque dolorum molestiae',	'Quaerat iste sapiente sint, irure facilis eveniet, esse eum non necessitatibus officia porro quidem quo.',	'2015-01-01 08:15:50',	28,	NULL,	1,	0,	0,	'0000-00-00 00:00:00',	1),
(87,	0,	4,	'Ut veniam nihil eveniet esse vel quia velit itaque dolorum molestiae',	'Quaerat iste sapiente sint, irure facilis eveniet, esse eum non necessitatibus officia porro quidem quo.',	'2015-01-01 08:15:50',	29,	NULL,	1,	1,	0,	'0000-00-00 00:00:00',	0),
(88,	0,	4,	'Consequat Illo voluptate optio at dolor iure est qui excepturi id ipsum aliqua Nemo ad modi',	'Sunt dolore suscipit labore dolor sint consequat. Quos at fugit, beatae fugiat, corporis magni eligendi tempora ratione distinctio. Dolorem.',	'2015-01-01 08:16:12',	6,	NULL,	1,	0,	0,	'0000-00-00 00:00:00',	1),
(89,	0,	4,	'Consequat Illo voluptate optio at dolor iure est qui excepturi id ipsum aliqua Nemo ad modi',	'Sunt dolore suscipit labore dolor sint consequat. Quos at fugit, beatae fugiat, corporis magni eligendi tempora ratione distinctio. Dolorem.',	'2015-01-01 08:16:12',	7,	NULL,	1,	0,	0,	'0000-00-00 00:00:00',	1),
(90,	0,	4,	'Consequat Illo voluptate optio at dolor iure est qui excepturi id ipsum aliqua Nemo ad modi',	'Sunt dolore suscipit labore dolor sint consequat. Quos at fugit, beatae fugiat, corporis magni eligendi tempora ratione distinctio. Dolorem.',	'2015-01-01 08:16:12',	8,	NULL,	1,	0,	0,	'0000-00-00 00:00:00',	1),
(91,	0,	4,	'Consequat Illo voluptate optio at dolor iure est qui excepturi id ipsum aliqua Nemo ad modi',	'Sunt dolore suscipit labore dolor sint consequat. Quos at fugit, beatae fugiat, corporis magni eligendi tempora ratione distinctio. Dolorem.',	'2015-01-01 08:16:12',	9,	NULL,	1,	0,	0,	'0000-00-00 00:00:00',	1),
(92,	0,	4,	'Consequat Illo voluptate optio at dolor iure est qui excepturi id ipsum aliqua Nemo ad modi',	'Sunt dolore suscipit labore dolor sint consequat. Quos at fugit, beatae fugiat, corporis magni eligendi tempora ratione distinctio. Dolorem.',	'2015-01-01 08:16:12',	11,	NULL,	1,	0,	0,	'0000-00-00 00:00:00',	1),
(93,	0,	4,	'Consequat Illo voluptate optio at dolor iure est qui excepturi id ipsum aliqua Nemo ad modi',	'Sunt dolore suscipit labore dolor sint consequat. Quos at fugit, beatae fugiat, corporis magni eligendi tempora ratione distinctio. Dolorem.',	'2015-01-01 08:16:12',	19,	NULL,	1,	0,	0,	'0000-00-00 00:00:00',	1),
(94,	0,	4,	'Consequat Illo voluptate optio at dolor iure est qui excepturi id ipsum aliqua Nemo ad modi',	'Sunt dolore suscipit labore dolor sint consequat. Quos at fugit, beatae fugiat, corporis magni eligendi tempora ratione distinctio. Dolorem.',	'2015-01-01 08:16:12',	21,	NULL,	1,	0,	0,	'0000-00-00 00:00:00',	1),
(95,	0,	4,	'Consequat Illo voluptate optio at dolor iure est qui excepturi id ipsum aliqua Nemo ad modi',	'Sunt dolore suscipit labore dolor sint consequat. Quos at fugit, beatae fugiat, corporis magni eligendi tempora ratione distinctio. Dolorem.',	'2015-01-01 08:16:12',	24,	NULL,	1,	0,	0,	'0000-00-00 00:00:00',	1),
(96,	0,	4,	'Consequat Illo voluptate optio at dolor iure est qui excepturi id ipsum aliqua Nemo ad modi',	'Sunt dolore suscipit labore dolor sint consequat. Quos at fugit, beatae fugiat, corporis magni eligendi tempora ratione distinctio. Dolorem.',	'2015-01-01 08:16:12',	25,	NULL,	1,	0,	0,	'0000-00-00 00:00:00',	1),
(97,	0,	4,	'Consequat Illo voluptate optio at dolor iure est qui excepturi id ipsum aliqua Nemo ad modi',	'Sunt dolore suscipit labore dolor sint consequat. Quos at fugit, beatae fugiat, corporis magni eligendi tempora ratione distinctio. Dolorem.',	'2015-01-01 08:16:12',	27,	NULL,	1,	0,	0,	'0000-00-00 00:00:00',	1),
(98,	0,	4,	'Consequat Illo voluptate optio at dolor iure est qui excepturi id ipsum aliqua Nemo ad modi',	'Sunt dolore suscipit labore dolor sint consequat. Quos at fugit, beatae fugiat, corporis magni eligendi tempora ratione distinctio. Dolorem.',	'2015-01-01 08:16:12',	29,	NULL,	1,	1,	0,	'0000-00-00 00:00:00',	0),
(99,	0,	4,	'Doloribus quo rem lorem veniam sit laboris nisi qui sit illum non et consequat Sunt fugit fugiat amet nihil',	'Et dolores sint eum obcaecati consequat. Ad aut in praesentium temporibus error consequatur, quis eius.',	'2015-01-01 08:16:20',	6,	NULL,	1,	0,	0,	'0000-00-00 00:00:00',	1),
(100,	0,	4,	'Doloribus quo rem lorem veniam sit laboris nisi qui sit illum non et consequat Sunt fugit fugiat amet nihil',	'Et dolores sint eum obcaecati consequat. Ad aut in praesentium temporibus error consequatur, quis eius.',	'2015-01-01 08:16:20',	7,	NULL,	1,	0,	0,	'0000-00-00 00:00:00',	1),
(101,	0,	4,	'Doloribus quo rem lorem veniam sit laboris nisi qui sit illum non et consequat Sunt fugit fugiat amet nihil',	'Et dolores sint eum obcaecati consequat. Ad aut in praesentium temporibus error consequatur, quis eius.',	'2015-01-01 08:16:20',	8,	NULL,	1,	0,	0,	'0000-00-00 00:00:00',	1),
(102,	0,	4,	'Doloribus quo rem lorem veniam sit laboris nisi qui sit illum non et consequat Sunt fugit fugiat amet nihil',	'Et dolores sint eum obcaecati consequat. Ad aut in praesentium temporibus error consequatur, quis eius.',	'2015-01-01 08:16:20',	13,	NULL,	1,	0,	0,	'0000-00-00 00:00:00',	1),
(103,	0,	4,	'Doloribus quo rem lorem veniam sit laboris nisi qui sit illum non et consequat Sunt fugit fugiat amet nihil',	'Et dolores sint eum obcaecati consequat. Ad aut in praesentium temporibus error consequatur, quis eius.',	'2015-01-01 08:16:20',	23,	NULL,	1,	0,	0,	'0000-00-00 00:00:00',	1),
(104,	0,	4,	'Doloribus quo rem lorem veniam sit laboris nisi qui sit illum non et consequat Sunt fugit fugiat amet nihil',	'Et dolores sint eum obcaecati consequat. Ad aut in praesentium temporibus error consequatur, quis eius.',	'2015-01-01 08:16:20',	26,	NULL,	1,	0,	0,	'0000-00-00 00:00:00',	1),
(105,	0,	4,	'Doloribus quo rem lorem veniam sit laboris nisi qui sit illum non et consequat Sunt fugit fugiat amet nihil',	'Et dolores sint eum obcaecati consequat. Ad aut in praesentium temporibus error consequatur, quis eius.',	'2015-01-01 08:16:20',	28,	NULL,	1,	0,	0,	'0000-00-00 00:00:00',	1),
(106,	0,	4,	'Doloribus quo rem lorem veniam sit laboris nisi qui sit illum non et consequat Sunt fugit fugiat amet nihil',	'Et dolores sint eum obcaecati consequat. Ad aut in praesentium temporibus error consequatur, quis eius.',	'2015-01-01 08:16:20',	29,	NULL,	1,	1,	0,	'0000-00-00 00:00:00',	0),
(107,	0,	4,	'Sint aut mollitia esse deserunt esse voluptate odit aut quasi ea',	'Consectetur ut et provident, delectus, ut consequatur? Explicabo. Asperiores ut nulla quaerat reprehenderit, eu maxime temporibus velit aliquid.',	'2015-01-01 08:16:29',	18,	NULL,	1,	0,	0,	'0000-00-00 00:00:00',	1),
(108,	0,	4,	'Sint aut mollitia esse deserunt esse voluptate odit aut quasi ea',	'Consectetur ut et provident, delectus, ut consequatur? Explicabo. Asperiores ut nulla quaerat reprehenderit, eu maxime temporibus velit aliquid.',	'2015-01-01 08:16:29',	19,	NULL,	1,	0,	0,	'0000-00-00 00:00:00',	1),
(109,	0,	4,	'Sint aut mollitia esse deserunt esse voluptate odit aut quasi ea',	'Consectetur ut et provident, delectus, ut consequatur? Explicabo. Asperiores ut nulla quaerat reprehenderit, eu maxime temporibus velit aliquid.',	'2015-01-01 08:16:29',	23,	NULL,	1,	0,	0,	'0000-00-00 00:00:00',	1),
(110,	0,	4,	'Sint aut mollitia esse deserunt esse voluptate odit aut quasi ea',	'Consectetur ut et provident, delectus, ut consequatur? Explicabo. Asperiores ut nulla quaerat reprehenderit, eu maxime temporibus velit aliquid.',	'2015-01-01 08:16:29',	29,	NULL,	1,	1,	0,	'0000-00-00 00:00:00',	0),
(111,	0,	4,	'Vero et facere do quis sunt et aliquip maiores velit ipsa explicabo Aliquip enim a',	'Vitae odit odio iste quaerat irure eos, est, cillum reprehenderit, nostrud distinctio. Consectetur alias recusandae. Laboris quod amet.',	'2015-01-01 09:01:36',	29,	NULL,	1,	1,	0,	'0000-00-00 00:00:00',	0),
(112,	0,	4,	'Vel autem excepteur ratione dolore nihil culpa ipsam quia enim in aute adipisci maiores nesciunt',	'Laborum. Ut sed temporibus libero voluptatem proident, est sint, corrupti.',	'2015-01-01 09:04:26',	29,	NULL,	1,	1,	0,	'0000-00-00 00:00:00',	0),
(113,	0,	4,	'Animi dolor aliquam Nam adipisci voluptates eius tempore aut illum dignissimos in autem dolor exercitation voluptas beatae excepturi dolores magnam',	'Adipisicing nulla dolorem molestias incididunt cupidatat deleniti neque natus dolore maxime omnis deleniti fugiat minim unde eos, maiores velit.',	'2015-01-01 09:07:06',	6,	NULL,	1,	0,	0,	'0000-00-00 00:00:00',	1),
(114,	0,	4,	'Animi dolor aliquam Nam adipisci voluptates eius tempore aut illum dignissimos in autem dolor exercitation voluptas beatae excepturi dolores magnam',	'Adipisicing nulla dolorem molestias incididunt cupidatat deleniti neque natus dolore maxime omnis deleniti fugiat minim unde eos, maiores velit.',	'2015-01-01 09:07:06',	7,	NULL,	1,	0,	0,	'0000-00-00 00:00:00',	1),
(115,	0,	4,	'Animi dolor aliquam Nam adipisci voluptates eius tempore aut illum dignissimos in autem dolor exercitation voluptas beatae excepturi dolores magnam',	'Adipisicing nulla dolorem molestias incididunt cupidatat deleniti neque natus dolore maxime omnis deleniti fugiat minim unde eos, maiores velit.',	'2015-01-01 09:07:06',	10,	NULL,	1,	0,	0,	'0000-00-00 00:00:00',	1),
(116,	0,	4,	'Animi dolor aliquam Nam adipisci voluptates eius tempore aut illum dignissimos in autem dolor exercitation voluptas beatae excepturi dolores magnam',	'Adipisicing nulla dolorem molestias incididunt cupidatat deleniti neque natus dolore maxime omnis deleniti fugiat minim unde eos, maiores velit.',	'2015-01-01 09:07:06',	11,	NULL,	1,	0,	0,	'0000-00-00 00:00:00',	1),
(117,	0,	4,	'Animi dolor aliquam Nam adipisci voluptates eius tempore aut illum dignissimos in autem dolor exercitation voluptas beatae excepturi dolores magnam',	'Adipisicing nulla dolorem molestias incididunt cupidatat deleniti neque natus dolore maxime omnis deleniti fugiat minim unde eos, maiores velit.',	'2015-01-01 09:07:06',	12,	NULL,	1,	1,	0,	'0000-00-00 00:00:00',	0),
(118,	0,	4,	'Animi dolor aliquam Nam adipisci voluptates eius tempore aut illum dignissimos in autem dolor exercitation voluptas beatae excepturi dolores magnam',	'Adipisicing nulla dolorem molestias incididunt cupidatat deleniti neque natus dolore maxime omnis deleniti fugiat minim unde eos, maiores velit.',	'2015-01-01 09:07:06',	13,	NULL,	1,	0,	0,	'0000-00-00 00:00:00',	1),
(119,	0,	4,	'Animi dolor aliquam Nam adipisci voluptates eius tempore aut illum dignissimos in autem dolor exercitation voluptas beatae excepturi dolores magnam',	'Adipisicing nulla dolorem molestias incididunt cupidatat deleniti neque natus dolore maxime omnis deleniti fugiat minim unde eos, maiores velit.',	'2015-01-01 09:07:06',	17,	NULL,	1,	0,	0,	'0000-00-00 00:00:00',	1),
(120,	0,	4,	'Animi dolor aliquam Nam adipisci voluptates eius tempore aut illum dignissimos in autem dolor exercitation voluptas beatae excepturi dolores magnam',	'Adipisicing nulla dolorem molestias incididunt cupidatat deleniti neque natus dolore maxime omnis deleniti fugiat minim unde eos, maiores velit.',	'2015-01-01 09:07:06',	18,	NULL,	1,	0,	0,	'0000-00-00 00:00:00',	1),
(121,	0,	4,	'Animi dolor aliquam Nam adipisci voluptates eius tempore aut illum dignissimos in autem dolor exercitation voluptas beatae excepturi dolores magnam',	'Adipisicing nulla dolorem molestias incididunt cupidatat deleniti neque natus dolore maxime omnis deleniti fugiat minim unde eos, maiores velit.',	'2015-01-01 09:07:06',	19,	NULL,	1,	0,	0,	'0000-00-00 00:00:00',	1),
(122,	0,	4,	'Animi dolor aliquam Nam adipisci voluptates eius tempore aut illum dignissimos in autem dolor exercitation voluptas beatae excepturi dolores magnam',	'Adipisicing nulla dolorem molestias incididunt cupidatat deleniti neque natus dolore maxime omnis deleniti fugiat minim unde eos, maiores velit.',	'2015-01-01 09:07:06',	20,	NULL,	1,	0,	0,	'0000-00-00 00:00:00',	1),
(123,	0,	4,	'Animi dolor aliquam Nam adipisci voluptates eius tempore aut illum dignissimos in autem dolor exercitation voluptas beatae excepturi dolores magnam',	'Adipisicing nulla dolorem molestias incididunt cupidatat deleniti neque natus dolore maxime omnis deleniti fugiat minim unde eos, maiores velit.',	'2015-01-01 09:07:06',	21,	NULL,	1,	0,	0,	'0000-00-00 00:00:00',	1),
(124,	0,	4,	'Animi dolor aliquam Nam adipisci voluptates eius tempore aut illum dignissimos in autem dolor exercitation voluptas beatae excepturi dolores magnam',	'Adipisicing nulla dolorem molestias incididunt cupidatat deleniti neque natus dolore maxime omnis deleniti fugiat minim unde eos, maiores velit.',	'2015-01-01 09:07:06',	25,	NULL,	1,	0,	0,	'0000-00-00 00:00:00',	1),
(125,	0,	4,	'Animi dolor aliquam Nam adipisci voluptates eius tempore aut illum dignissimos in autem dolor exercitation voluptas beatae excepturi dolores magnam',	'Adipisicing nulla dolorem molestias incididunt cupidatat deleniti neque natus dolore maxime omnis deleniti fugiat minim unde eos, maiores velit.',	'2015-01-01 09:07:06',	29,	NULL,	1,	1,	0,	'0000-00-00 00:00:00',	0),
(126,	0,	4,	'Iusto sed dolores corporis voluptates sit',	'Aute alias mollit voluptatem vel mollitia culpa et rerum elit, id sint, ea.',	'2015-01-01 09:07:13',	8,	NULL,	1,	0,	0,	'0000-00-00 00:00:00',	1),
(127,	0,	4,	'Iusto sed dolores corporis voluptates sit',	'Aute alias mollit voluptatem vel mollitia culpa et rerum elit, id sint, ea.',	'2015-01-01 09:07:14',	10,	NULL,	1,	0,	0,	'0000-00-00 00:00:00',	1),
(128,	0,	4,	'Iusto sed dolores corporis voluptates sit',	'Aute alias mollit voluptatem vel mollitia culpa et rerum elit, id sint, ea.',	'2015-01-01 09:07:14',	20,	NULL,	1,	0,	0,	'0000-00-00 00:00:00',	1),
(129,	0,	4,	'Iusto sed dolores corporis voluptates sit',	'Aute alias mollit voluptatem vel mollitia culpa et rerum elit, id sint, ea.',	'2015-01-01 09:07:14',	25,	NULL,	1,	0,	0,	'0000-00-00 00:00:00',	1),
(130,	0,	4,	'Iusto sed dolores corporis voluptates sit',	'Aute alias mollit voluptatem vel mollitia culpa et rerum elit, id sint, ea.',	'2015-01-01 09:07:14',	28,	NULL,	1,	0,	0,	'0000-00-00 00:00:00',	1),
(131,	0,	4,	'Unde consequatur est qui ut labore commodi eius consequat Tempore aliqua Voluptates',	'Quod rerum do vitae ut accusamus odio voluptate harum molestias magni magnam expedita in nihil cupidatat.',	'2015-01-01 09:07:27',	6,	NULL,	1,	0,	0,	'0000-00-00 00:00:00',	1),
(132,	0,	4,	'Unde consequatur est qui ut labore commodi eius consequat Tempore aliqua Voluptates',	'Quod rerum do vitae ut accusamus odio voluptate harum molestias magni magnam expedita in nihil cupidatat.',	'2015-01-01 09:07:27',	7,	NULL,	1,	0,	0,	'0000-00-00 00:00:00',	1),
(133,	0,	4,	'Unde consequatur est qui ut labore commodi eius consequat Tempore aliqua Voluptates',	'Quod rerum do vitae ut accusamus odio voluptate harum molestias magni magnam expedita in nihil cupidatat.',	'2015-01-01 09:07:27',	10,	NULL,	1,	0,	0,	'0000-00-00 00:00:00',	1),
(134,	0,	4,	'Unde consequatur est qui ut labore commodi eius consequat Tempore aliqua Voluptates',	'Quod rerum do vitae ut accusamus odio voluptate harum molestias magni magnam expedita in nihil cupidatat.',	'2015-01-01 09:07:27',	12,	NULL,	1,	1,	0,	'0000-00-00 00:00:00',	0),
(135,	0,	4,	'Unde consequatur est qui ut labore commodi eius consequat Tempore aliqua Voluptates',	'Quod rerum do vitae ut accusamus odio voluptate harum molestias magni magnam expedita in nihil cupidatat.',	'2015-01-01 09:07:27',	13,	NULL,	1,	0,	0,	'0000-00-00 00:00:00',	1),
(136,	0,	4,	'Unde consequatur est qui ut labore commodi eius consequat Tempore aliqua Voluptates',	'Quod rerum do vitae ut accusamus odio voluptate harum molestias magni magnam expedita in nihil cupidatat.',	'2015-01-01 09:07:27',	17,	NULL,	1,	0,	0,	'0000-00-00 00:00:00',	1),
(137,	0,	4,	'Unde consequatur est qui ut labore commodi eius consequat Tempore aliqua Voluptates',	'Quod rerum do vitae ut accusamus odio voluptate harum molestias magni magnam expedita in nihil cupidatat.',	'2015-01-01 09:07:27',	19,	NULL,	1,	0,	0,	'0000-00-00 00:00:00',	1),
(138,	0,	4,	'Unde consequatur est qui ut labore commodi eius consequat Tempore aliqua Voluptates',	'Quod rerum do vitae ut accusamus odio voluptate harum molestias magni magnam expedita in nihil cupidatat.',	'2015-01-01 09:07:27',	23,	NULL,	1,	0,	0,	'0000-00-00 00:00:00',	1),
(139,	0,	4,	'Unde consequatur est qui ut labore commodi eius consequat Tempore aliqua Voluptates',	'Quod rerum do vitae ut accusamus odio voluptate harum molestias magni magnam expedita in nihil cupidatat.',	'2015-01-01 09:07:27',	24,	NULL,	1,	0,	0,	'0000-00-00 00:00:00',	1),
(140,	0,	4,	'Unde consequatur est qui ut labore commodi eius consequat Tempore aliqua Voluptates',	'Quod rerum do vitae ut accusamus odio voluptate harum molestias magni magnam expedita in nihil cupidatat.',	'2015-01-01 09:07:27',	26,	NULL,	1,	0,	0,	'0000-00-00 00:00:00',	1),
(141,	0,	4,	'Unde consequatur est qui ut labore commodi eius consequat Tempore aliqua Voluptates',	'Quod rerum do vitae ut accusamus odio voluptate harum molestias magni magnam expedita in nihil cupidatat.',	'2015-01-01 09:07:27',	27,	NULL,	1,	0,	0,	'0000-00-00 00:00:00',	1),
(142,	0,	4,	'Unde consequatur est qui ut labore commodi eius consequat Tempore aliqua Voluptates',	'Quod rerum do vitae ut accusamus odio voluptate harum molestias magni magnam expedita in nihil cupidatat.',	'2015-01-01 09:07:27',	28,	NULL,	1,	0,	0,	'0000-00-00 00:00:00',	1),
(143,	0,	4,	'Unde consequatur est qui ut labore commodi eius consequat Tempore aliqua Voluptates',	'Quod rerum do vitae ut accusamus odio voluptate harum molestias magni magnam expedita in nihil cupidatat.',	'2015-01-01 09:07:27',	29,	NULL,	1,	1,	0,	'0000-00-00 00:00:00',	0),
(144,	0,	4,	'Dolor quos a est perspiciatis nisi dolorum ipsa aut exercitationem ea eos qui dicta in unde',	'Ut laudantium, aliquid et est beatae dolorum duis animi, repudiandae non consequatur.',	'2015-01-01 09:07:46',	7,	NULL,	1,	0,	0,	'0000-00-00 00:00:00',	1),
(145,	0,	4,	'Dolor quos a est perspiciatis nisi dolorum ipsa aut exercitationem ea eos qui dicta in unde',	'Ut laudantium, aliquid et est beatae dolorum duis animi, repudiandae non consequatur.',	'2015-01-01 09:07:46',	9,	NULL,	1,	0,	0,	'0000-00-00 00:00:00',	1),
(146,	0,	4,	'Dolor quos a est perspiciatis nisi dolorum ipsa aut exercitationem ea eos qui dicta in unde',	'Ut laudantium, aliquid et est beatae dolorum duis animi, repudiandae non consequatur.',	'2015-01-01 09:07:46',	29,	NULL,	1,	1,	0,	'0000-00-00 00:00:00',	0),
(147,	0,	4,	'Iste incididunt aut neque delectus est velit cillum eos omnis dolor do voluptatem voluptatem occaecat inventore',	'Sunt aut irure ipsam do sit, est rem sint, officiis.',	'2015-01-01 09:07:53',	7,	NULL,	1,	0,	0,	'0000-00-00 00:00:00',	1),
(148,	0,	4,	'Iste incididunt aut neque delectus est velit cillum eos omnis dolor do voluptatem voluptatem occaecat inventore',	'Sunt aut irure ipsam do sit, est rem sint, officiis.',	'2015-01-01 09:07:53',	13,	NULL,	1,	0,	0,	'0000-00-00 00:00:00',	1),
(149,	0,	4,	'Iste incididunt aut neque delectus est velit cillum eos omnis dolor do voluptatem voluptatem occaecat inventore',	'Sunt aut irure ipsam do sit, est rem sint, officiis.',	'2015-01-01 09:07:53',	17,	NULL,	1,	0,	0,	'0000-00-00 00:00:00',	1),
(150,	0,	4,	'Iste incididunt aut neque delectus est velit cillum eos omnis dolor do voluptatem voluptatem occaecat inventore',	'Sunt aut irure ipsam do sit, est rem sint, officiis.',	'2015-01-01 09:07:53',	18,	NULL,	1,	0,	0,	'0000-00-00 00:00:00',	1),
(151,	0,	4,	'Iste incididunt aut neque delectus est velit cillum eos omnis dolor do voluptatem voluptatem occaecat inventore',	'Sunt aut irure ipsam do sit, est rem sint, officiis.',	'2015-01-01 09:07:53',	26,	NULL,	1,	0,	0,	'0000-00-00 00:00:00',	1),
(152,	0,	4,	'Iste incididunt aut neque delectus est velit cillum eos omnis dolor do voluptatem voluptatem occaecat inventore',	'Sunt aut irure ipsam do sit, est rem sint, officiis.',	'2015-01-01 09:07:53',	28,	NULL,	1,	0,	0,	'0000-00-00 00:00:00',	1),
(153,	0,	4,	'Iste incididunt aut neque delectus est velit cillum eos omnis dolor do voluptatem voluptatem occaecat inventore',	'Sunt aut irure ipsam do sit, est rem sint, officiis.',	'2015-01-01 09:07:53',	29,	NULL,	1,	1,	0,	'0000-00-00 00:00:00',	0),
(154,	0,	4,	'Perspiciatis aut accusantium voluptas a eos',	'Excepturi soluta voluptatem. Officia corporis sint temporibus est amet, quibusdam odio sunt proident.',	'2015-01-01 09:09:07',	6,	NULL,	1,	0,	0,	'0000-00-00 00:00:00',	1),
(155,	0,	4,	'Perspiciatis aut accusantium voluptas a eos',	'Excepturi soluta voluptatem. Officia corporis sint temporibus est amet, quibusdam odio sunt proident.',	'2015-01-01 09:09:07',	7,	NULL,	1,	0,	0,	'0000-00-00 00:00:00',	1),
(156,	0,	4,	'Perspiciatis aut accusantium voluptas a eos',	'Excepturi soluta voluptatem. Officia corporis sint temporibus est amet, quibusdam odio sunt proident.',	'2015-01-01 09:09:07',	9,	NULL,	1,	0,	0,	'0000-00-00 00:00:00',	1),
(157,	0,	4,	'Perspiciatis aut accusantium voluptas a eos',	'Excepturi soluta voluptatem. Officia corporis sint temporibus est amet, quibusdam odio sunt proident.',	'2015-01-01 09:09:07',	10,	NULL,	1,	0,	0,	'0000-00-00 00:00:00',	1),
(158,	0,	4,	'Perspiciatis aut accusantium voluptas a eos',	'Excepturi soluta voluptatem. Officia corporis sint temporibus est amet, quibusdam odio sunt proident.',	'2015-01-01 09:09:07',	12,	NULL,	1,	1,	0,	'0000-00-00 00:00:00',	0),
(159,	0,	4,	'Perspiciatis aut accusantium voluptas a eos',	'Excepturi soluta voluptatem. Officia corporis sint temporibus est amet, quibusdam odio sunt proident.',	'2015-01-01 09:09:07',	13,	NULL,	1,	0,	0,	'0000-00-00 00:00:00',	1),
(160,	0,	4,	'Perspiciatis aut accusantium voluptas a eos',	'Excepturi soluta voluptatem. Officia corporis sint temporibus est amet, quibusdam odio sunt proident.',	'2015-01-01 09:09:07',	15,	NULL,	1,	0,	0,	'0000-00-00 00:00:00',	1),
(161,	0,	4,	'Perspiciatis aut accusantium voluptas a eos',	'Excepturi soluta voluptatem. Officia corporis sint temporibus est amet, quibusdam odio sunt proident.',	'2015-01-01 09:09:07',	19,	NULL,	1,	0,	0,	'0000-00-00 00:00:00',	1),
(162,	0,	4,	'Perspiciatis aut accusantium voluptas a eos',	'Excepturi soluta voluptatem. Officia corporis sint temporibus est amet, quibusdam odio sunt proident.',	'2015-01-01 09:09:07',	23,	NULL,	1,	0,	0,	'0000-00-00 00:00:00',	1),
(163,	0,	4,	'Perspiciatis aut accusantium voluptas a eos',	'Excepturi soluta voluptatem. Officia corporis sint temporibus est amet, quibusdam odio sunt proident.',	'2015-01-01 09:09:07',	24,	NULL,	1,	0,	0,	'0000-00-00 00:00:00',	1),
(164,	0,	4,	'Perspiciatis aut accusantium voluptas a eos',	'Excepturi soluta voluptatem. Officia corporis sint temporibus est amet, quibusdam odio sunt proident.',	'2015-01-01 09:09:07',	25,	NULL,	1,	0,	0,	'0000-00-00 00:00:00',	1),
(165,	0,	4,	'Perspiciatis aut accusantium voluptas a eos',	'Excepturi soluta voluptatem. Officia corporis sint temporibus est amet, quibusdam odio sunt proident.',	'2015-01-01 09:09:07',	27,	NULL,	1,	0,	0,	'0000-00-00 00:00:00',	1),
(166,	0,	4,	'Perspiciatis aut accusantium voluptas a eos',	'Excepturi soluta voluptatem. Officia corporis sint temporibus est amet, quibusdam odio sunt proident.',	'2015-01-01 09:09:07',	29,	NULL,	1,	1,	0,	'0000-00-00 00:00:00',	0),
(167,	0,	4,	'Fugiat quisquam quia vero lorem consequatur et enim provident voluptas iste labore',	'Dignissimos nihil excepteur animi, eveniet, ea maxime vel ut duis beatae commodo et consectetur provident, ut consequatur.',	'2015-01-01 09:09:16',	7,	NULL,	1,	0,	0,	'0000-00-00 00:00:00',	1),
(168,	0,	4,	'Fugiat quisquam quia vero lorem consequatur et enim provident voluptas iste labore',	'Dignissimos nihil excepteur animi, eveniet, ea maxime vel ut duis beatae commodo et consectetur provident, ut consequatur.',	'2015-01-01 09:09:16',	9,	NULL,	1,	0,	0,	'0000-00-00 00:00:00',	1),
(169,	0,	4,	'Fugiat quisquam quia vero lorem consequatur et enim provident voluptas iste labore',	'Dignissimos nihil excepteur animi, eveniet, ea maxime vel ut duis beatae commodo et consectetur provident, ut consequatur.',	'2015-01-01 09:09:16',	11,	NULL,	1,	0,	0,	'0000-00-00 00:00:00',	1),
(170,	0,	4,	'Fugiat quisquam quia vero lorem consequatur et enim provident voluptas iste labore',	'Dignissimos nihil excepteur animi, eveniet, ea maxime vel ut duis beatae commodo et consectetur provident, ut consequatur.',	'2015-01-01 09:09:16',	13,	NULL,	1,	0,	0,	'0000-00-00 00:00:00',	1),
(171,	0,	4,	'Fugiat quisquam quia vero lorem consequatur et enim provident voluptas iste labore',	'Dignissimos nihil excepteur animi, eveniet, ea maxime vel ut duis beatae commodo et consectetur provident, ut consequatur.',	'2015-01-01 09:09:17',	14,	NULL,	1,	0,	0,	'0000-00-00 00:00:00',	1),
(172,	0,	4,	'Fugiat quisquam quia vero lorem consequatur et enim provident voluptas iste labore',	'Dignissimos nihil excepteur animi, eveniet, ea maxime vel ut duis beatae commodo et consectetur provident, ut consequatur.',	'2015-01-01 09:09:17',	15,	NULL,	1,	0,	0,	'0000-00-00 00:00:00',	1),
(173,	0,	4,	'Fugiat quisquam quia vero lorem consequatur et enim provident voluptas iste labore',	'Dignissimos nihil excepteur animi, eveniet, ea maxime vel ut duis beatae commodo et consectetur provident, ut consequatur.',	'2015-01-01 09:09:17',	19,	NULL,	1,	0,	0,	'0000-00-00 00:00:00',	1),
(174,	0,	4,	'Fugiat quisquam quia vero lorem consequatur et enim provident voluptas iste labore',	'Dignissimos nihil excepteur animi, eveniet, ea maxime vel ut duis beatae commodo et consectetur provident, ut consequatur.',	'2015-01-01 09:09:17',	20,	NULL,	1,	0,	0,	'0000-00-00 00:00:00',	1),
(175,	0,	4,	'Fugiat quisquam quia vero lorem consequatur et enim provident voluptas iste labore',	'Dignissimos nihil excepteur animi, eveniet, ea maxime vel ut duis beatae commodo et consectetur provident, ut consequatur.',	'2015-01-01 09:09:17',	23,	NULL,	1,	0,	0,	'0000-00-00 00:00:00',	1),
(176,	0,	4,	'Fugiat quisquam quia vero lorem consequatur et enim provident voluptas iste labore',	'Dignissimos nihil excepteur animi, eveniet, ea maxime vel ut duis beatae commodo et consectetur provident, ut consequatur.',	'2015-01-01 09:09:17',	24,	NULL,	1,	0,	0,	'0000-00-00 00:00:00',	1),
(177,	0,	4,	'Fugiat quisquam quia vero lorem consequatur et enim provident voluptas iste labore',	'Dignissimos nihil excepteur animi, eveniet, ea maxime vel ut duis beatae commodo et consectetur provident, ut consequatur.',	'2015-01-01 09:09:17',	26,	NULL,	1,	0,	0,	'0000-00-00 00:00:00',	1),
(178,	0,	4,	'Fugiat quisquam quia vero lorem consequatur et enim provident voluptas iste labore',	'Dignissimos nihil excepteur animi, eveniet, ea maxime vel ut duis beatae commodo et consectetur provident, ut consequatur.',	'2015-01-01 09:09:17',	27,	NULL,	1,	0,	0,	'0000-00-00 00:00:00',	1),
(179,	0,	4,	'Fugiat quisquam quia vero lorem consequatur et enim provident voluptas iste labore',	'Dignissimos nihil excepteur animi, eveniet, ea maxime vel ut duis beatae commodo et consectetur provident, ut consequatur.',	'2015-01-01 09:09:17',	28,	NULL,	1,	0,	0,	'0000-00-00 00:00:00',	1),
(180,	0,	4,	'Fugiat quisquam quia vero lorem consequatur et enim provident voluptas iste labore',	'Dignissimos nihil excepteur animi, eveniet, ea maxime vel ut duis beatae commodo et consectetur provident, ut consequatur.',	'2015-01-01 09:09:17',	29,	NULL,	1,	1,	0,	'0000-00-00 00:00:00',	0),
(181,	0,	4,	'Debitis voluptatem Qui in ut sequi laborum Voluptatem Quis aperiam impedit qui tenetur perferendis ut',	'Officia minus aliquam dolorem a aut est aute incididunt in.',	'2015-01-01 09:09:23',	6,	NULL,	1,	0,	0,	'0000-00-00 00:00:00',	1),
(182,	0,	4,	'Debitis voluptatem Qui in ut sequi laborum Voluptatem Quis aperiam impedit qui tenetur perferendis ut',	'Officia minus aliquam dolorem a aut est aute incididunt in.',	'2015-01-01 09:09:23',	7,	NULL,	1,	0,	0,	'0000-00-00 00:00:00',	1),
(183,	0,	4,	'Debitis voluptatem Qui in ut sequi laborum Voluptatem Quis aperiam impedit qui tenetur perferendis ut',	'Officia minus aliquam dolorem a aut est aute incididunt in.',	'2015-01-01 09:09:23',	8,	NULL,	1,	0,	0,	'0000-00-00 00:00:00',	1),
(184,	0,	4,	'Debitis voluptatem Qui in ut sequi laborum Voluptatem Quis aperiam impedit qui tenetur perferendis ut',	'Officia minus aliquam dolorem a aut est aute incididunt in.',	'2015-01-01 09:09:23',	11,	NULL,	1,	0,	0,	'0000-00-00 00:00:00',	1),
(185,	0,	4,	'Debitis voluptatem Qui in ut sequi laborum Voluptatem Quis aperiam impedit qui tenetur perferendis ut',	'Officia minus aliquam dolorem a aut est aute incididunt in.',	'2015-01-01 09:09:23',	12,	NULL,	1,	1,	0,	'0000-00-00 00:00:00',	0),
(186,	0,	4,	'Debitis voluptatem Qui in ut sequi laborum Voluptatem Quis aperiam impedit qui tenetur perferendis ut',	'Officia minus aliquam dolorem a aut est aute incididunt in.',	'2015-01-01 09:09:23',	14,	NULL,	1,	0,	0,	'0000-00-00 00:00:00',	1),
(187,	0,	4,	'Debitis voluptatem Qui in ut sequi laborum Voluptatem Quis aperiam impedit qui tenetur perferendis ut',	'Officia minus aliquam dolorem a aut est aute incididunt in.',	'2015-01-01 09:09:23',	18,	NULL,	1,	0,	0,	'0000-00-00 00:00:00',	1),
(188,	0,	4,	'Debitis voluptatem Qui in ut sequi laborum Voluptatem Quis aperiam impedit qui tenetur perferendis ut',	'Officia minus aliquam dolorem a aut est aute incididunt in.',	'2015-01-01 09:09:23',	20,	NULL,	1,	0,	0,	'0000-00-00 00:00:00',	1),
(189,	0,	4,	'Debitis voluptatem Qui in ut sequi laborum Voluptatem Quis aperiam impedit qui tenetur perferendis ut',	'Officia minus aliquam dolorem a aut est aute incididunt in.',	'2015-01-01 09:09:23',	21,	NULL,	1,	0,	0,	'0000-00-00 00:00:00',	1),
(190,	0,	4,	'Debitis voluptatem Qui in ut sequi laborum Voluptatem Quis aperiam impedit qui tenetur perferendis ut',	'Officia minus aliquam dolorem a aut est aute incididunt in.',	'2015-01-01 09:09:23',	23,	NULL,	1,	0,	0,	'0000-00-00 00:00:00',	1),
(191,	0,	4,	'Debitis voluptatem Qui in ut sequi laborum Voluptatem Quis aperiam impedit qui tenetur perferendis ut',	'Officia minus aliquam dolorem a aut est aute incididunt in.',	'2015-01-01 09:09:23',	25,	NULL,	1,	0,	0,	'0000-00-00 00:00:00',	1),
(192,	0,	4,	'Debitis voluptatem Qui in ut sequi laborum Voluptatem Quis aperiam impedit qui tenetur perferendis ut',	'Officia minus aliquam dolorem a aut est aute incididunt in.',	'2015-01-01 09:09:23',	26,	NULL,	1,	0,	0,	'0000-00-00 00:00:00',	1),
(193,	0,	4,	'Debitis voluptatem Qui in ut sequi laborum Voluptatem Quis aperiam impedit qui tenetur perferendis ut',	'Officia minus aliquam dolorem a aut est aute incididunt in.',	'2015-01-01 09:09:23',	29,	NULL,	1,	1,	0,	'0000-00-00 00:00:00',	0),
(194,	0,	4,	'Sunt autem facilis nesciunt pariatur Quis inventore quam reprehenderit fugiat nobis veniam praesentium quod illum',	'Neque laborum. Laborum. Dolorem numquam quis quos consequatur? Quis deserunt accusamus vitae nihil accusantium nisi modi commodi.',	'2015-01-01 09:09:29',	6,	NULL,	1,	0,	0,	'0000-00-00 00:00:00',	1),
(195,	0,	4,	'Sunt autem facilis nesciunt pariatur Quis inventore quam reprehenderit fugiat nobis veniam praesentium quod illum',	'Neque laborum. Laborum. Dolorem numquam quis quos consequatur? Quis deserunt accusamus vitae nihil accusantium nisi modi commodi.',	'2015-01-01 09:09:29',	9,	NULL,	1,	0,	0,	'0000-00-00 00:00:00',	1),
(196,	0,	4,	'Sunt autem facilis nesciunt pariatur Quis inventore quam reprehenderit fugiat nobis veniam praesentium quod illum',	'Neque laborum. Laborum. Dolorem numquam quis quos consequatur? Quis deserunt accusamus vitae nihil accusantium nisi modi commodi.',	'2015-01-01 09:09:29',	10,	NULL,	1,	0,	0,	'0000-00-00 00:00:00',	1),
(197,	0,	4,	'Sunt autem facilis nesciunt pariatur Quis inventore quam reprehenderit fugiat nobis veniam praesentium quod illum',	'Neque laborum. Laborum. Dolorem numquam quis quos consequatur? Quis deserunt accusamus vitae nihil accusantium nisi modi commodi.',	'2015-01-01 09:09:29',	15,	NULL,	1,	0,	0,	'0000-00-00 00:00:00',	1),
(198,	0,	4,	'Sunt autem facilis nesciunt pariatur Quis inventore quam reprehenderit fugiat nobis veniam praesentium quod illum',	'Neque laborum. Laborum. Dolorem numquam quis quos consequatur? Quis deserunt accusamus vitae nihil accusantium nisi modi commodi.',	'2015-01-01 09:09:29',	17,	NULL,	1,	0,	0,	'0000-00-00 00:00:00',	1),
(199,	0,	4,	'Sunt autem facilis nesciunt pariatur Quis inventore quam reprehenderit fugiat nobis veniam praesentium quod illum',	'Neque laborum. Laborum. Dolorem numquam quis quos consequatur? Quis deserunt accusamus vitae nihil accusantium nisi modi commodi.',	'2015-01-01 09:09:29',	18,	NULL,	1,	0,	0,	'0000-00-00 00:00:00',	1),
(200,	0,	4,	'Sunt autem facilis nesciunt pariatur Quis inventore quam reprehenderit fugiat nobis veniam praesentium quod illum',	'Neque laborum. Laborum. Dolorem numquam quis quos consequatur? Quis deserunt accusamus vitae nihil accusantium nisi modi commodi.',	'2015-01-01 09:09:29',	19,	NULL,	1,	0,	0,	'0000-00-00 00:00:00',	1),
(201,	0,	4,	'Sunt autem facilis nesciunt pariatur Quis inventore quam reprehenderit fugiat nobis veniam praesentium quod illum',	'Neque laborum. Laborum. Dolorem numquam quis quos consequatur? Quis deserunt accusamus vitae nihil accusantium nisi modi commodi.',	'2015-01-01 09:09:29',	20,	NULL,	1,	0,	0,	'0000-00-00 00:00:00',	1),
(202,	0,	4,	'Sunt autem facilis nesciunt pariatur Quis inventore quam reprehenderit fugiat nobis veniam praesentium quod illum',	'Neque laborum. Laborum. Dolorem numquam quis quos consequatur? Quis deserunt accusamus vitae nihil accusantium nisi modi commodi.',	'2015-01-01 09:09:29',	21,	NULL,	1,	0,	0,	'0000-00-00 00:00:00',	1),
(203,	0,	4,	'Sunt autem facilis nesciunt pariatur Quis inventore quam reprehenderit fugiat nobis veniam praesentium quod illum',	'Neque laborum. Laborum. Dolorem numquam quis quos consequatur? Quis deserunt accusamus vitae nihil accusantium nisi modi commodi.',	'2015-01-01 09:09:29',	24,	NULL,	1,	0,	0,	'0000-00-00 00:00:00',	1),
(204,	0,	4,	'Sunt autem facilis nesciunt pariatur Quis inventore quam reprehenderit fugiat nobis veniam praesentium quod illum',	'Neque laborum. Laborum. Dolorem numquam quis quos consequatur? Quis deserunt accusamus vitae nihil accusantium nisi modi commodi.',	'2015-01-01 09:09:29',	25,	NULL,	1,	0,	0,	'0000-00-00 00:00:00',	1),
(205,	0,	4,	'Sunt autem facilis nesciunt pariatur Quis inventore quam reprehenderit fugiat nobis veniam praesentium quod illum',	'Neque laborum. Laborum. Dolorem numquam quis quos consequatur? Quis deserunt accusamus vitae nihil accusantium nisi modi commodi.',	'2015-01-01 09:09:29',	26,	NULL,	1,	0,	0,	'0000-00-00 00:00:00',	1),
(206,	0,	4,	'Sunt autem facilis nesciunt pariatur Quis inventore quam reprehenderit fugiat nobis veniam praesentium quod illum',	'Neque laborum. Laborum. Dolorem numquam quis quos consequatur? Quis deserunt accusamus vitae nihil accusantium nisi modi commodi.',	'2015-01-01 09:09:29',	29,	NULL,	1,	1,	0,	'0000-00-00 00:00:00',	0),
(207,	0,	NULL,	NULL,	NULL,	'0000-00-00 00:00:00',	0,	NULL,	0,	0,	0,	'0000-00-00 00:00:00',	1),
(208,	0,	29,	'Re:56t54',	'6546546',	'2015-01-13 16:40:59',	5,	NULL,	1,	0,	0,	'0000-00-00 00:00:00',	1),
(209,	0,	29,	'Re:56t54',	'6546546',	'2015-01-13 16:41:00',	7,	NULL,	1,	0,	0,	'0000-00-00 00:00:00',	1),
(210,	0,	29,	'Re:56t54',	'6546546',	'2015-01-13 16:41:00',	8,	NULL,	1,	0,	0,	'0000-00-00 00:00:00',	1),
(211,	0,	29,	'Re:56t54',	'6546546',	'2015-01-13 16:41:00',	10,	NULL,	1,	0,	0,	'0000-00-00 00:00:00',	1),
(212,	0,	29,	'Re:56t54',	'6546546',	'2015-01-13 16:41:00',	11,	NULL,	1,	0,	0,	'0000-00-00 00:00:00',	1),
(213,	0,	12,	'Re:Re:Molestias minima laudantium aliqua Harum enim',	'Qui dolorem sunt, consequat. Veritatis inventore dolor qui ad excepteur ut dolores dolor ex sit, quis aute.\r\n\r\n\r\n\r\ngak  jelas lo broo',	'2015-01-13 16:44:21',	29,	NULL,	1,	1,	0,	'0000-00-00 00:00:00',	1),
(214,	0,	29,	'Vero maxime necessitatibus id eos ut hic doloribus dolorem autem dolor reprehenderit quia voluptate eos minus',	'In adipisicing excepteur obcaecati similique et dolore ullamco irure accusamus nihil repellendus.',	'2015-01-13 16:49:06',	7,	NULL,	1,	0,	0,	'0000-00-00 00:00:00',	1),
(215,	0,	29,	'Vero maxime necessitatibus id eos ut hic doloribus dolorem autem dolor reprehenderit quia voluptate eos minus',	'In adipisicing excepteur obcaecati similique et dolore ullamco irure accusamus nihil repellendus.',	'2015-01-13 16:49:06',	11,	NULL,	1,	0,	0,	'0000-00-00 00:00:00',	1),
(216,	0,	29,	'Vero maxime necessitatibus id eos ut hic doloribus dolorem autem dolor reprehenderit quia voluptate eos minus',	'In adipisicing excepteur obcaecati similique et dolore ullamco irure accusamus nihil repellendus.',	'2015-01-13 16:49:06',	12,	NULL,	1,	1,	0,	'0000-00-00 00:00:00',	0),
(217,	0,	29,	'Vero maxime necessitatibus id eos ut hic doloribus dolorem autem dolor reprehenderit quia voluptate eos minus',	'In adipisicing excepteur obcaecati similique et dolore ullamco irure accusamus nihil repellendus.',	'2015-01-13 16:49:06',	18,	NULL,	1,	0,	0,	'0000-00-00 00:00:00',	1),
(218,	0,	29,	'Vero maxime necessitatibus id eos ut hic doloribus dolorem autem dolor reprehenderit quia voluptate eos minus',	'In adipisicing excepteur obcaecati similique et dolore ullamco irure accusamus nihil repellendus.',	'2015-01-13 16:49:06',	24,	NULL,	1,	0,	0,	'0000-00-00 00:00:00',	1),
(219,	0,	12,	'Re:Vero maxime necessitatibus id eos ut hic doloribus dolorem autem dolor reprehenderit quia voluptate eos minus',	'In adipisicing excepteur obcaecati similique et dolore ullamco irure accusamus nihil repellendus.',	'2015-01-13 16:51:34',	29,	NULL,	1,	1,	0,	'0000-00-00 00:00:00',	1),
(220,	0,	29,	'Dicta laborum Nemo esse accusamus consequatur Dolor eaque amet sequi numquam amet ratione',	'Consequat. Aute sequi doloremque repellendus. Quasi tempora velit, dolorem dolores quisquam qui.',	'2015-01-13 17:15:11',	8,	NULL,	1,	0,	0,	'0000-00-00 00:00:00',	1),
(221,	0,	29,	'Dicta laborum Nemo esse accusamus consequatur Dolor eaque amet sequi numquam amet ratione',	'Consequat. Aute sequi doloremque repellendus. Quasi tempora velit, dolorem dolores quisquam qui.',	'2015-01-13 17:15:11',	10,	NULL,	1,	0,	0,	'0000-00-00 00:00:00',	1),
(222,	0,	29,	'Dicta laborum Nemo esse accusamus consequatur Dolor eaque amet sequi numquam amet ratione',	'Consequat. Aute sequi doloremque repellendus. Quasi tempora velit, dolorem dolores quisquam qui.',	'2015-01-13 17:15:11',	12,	NULL,	1,	1,	0,	'0000-00-00 00:00:00',	0),
(223,	0,	29,	'Dicta laborum Nemo esse accusamus consequatur Dolor eaque amet sequi numquam amet ratione',	'Consequat. Aute sequi doloremque repellendus. Quasi tempora velit, dolorem dolores quisquam qui.',	'2015-01-13 17:15:11',	17,	NULL,	1,	0,	0,	'0000-00-00 00:00:00',	1),
(224,	0,	29,	'Dicta laborum Nemo esse accusamus consequatur Dolor eaque amet sequi numquam amet ratione',	'Consequat. Aute sequi doloremque repellendus. Quasi tempora velit, dolorem dolores quisquam qui.',	'2015-01-13 17:15:11',	18,	NULL,	1,	0,	0,	'0000-00-00 00:00:00',	1),
(225,	0,	29,	'Dicta laborum Nemo esse accusamus consequatur Dolor eaque amet sequi numquam amet ratione',	'Consequat. Aute sequi doloremque repellendus. Quasi tempora velit, dolorem dolores quisquam qui.',	'2015-01-13 17:15:11',	20,	NULL,	1,	0,	0,	'0000-00-00 00:00:00',	1),
(226,	0,	29,	'Dicta laborum Nemo esse accusamus consequatur Dolor eaque amet sequi numquam amet ratione',	'Consequat. Aute sequi doloremque repellendus. Quasi tempora velit, dolorem dolores quisquam qui.',	'2015-01-13 17:15:11',	24,	NULL,	1,	0,	0,	'0000-00-00 00:00:00',	1),
(227,	0,	29,	'Dicta laborum Nemo esse accusamus consequatur Dolor eaque amet sequi numquam amet ratione',	'Consequat. Aute sequi doloremque repellendus. Quasi tempora velit, dolorem dolores quisquam qui.',	'2015-01-13 17:15:11',	27,	NULL,	1,	0,	0,	'0000-00-00 00:00:00',	1),
(228,	0,	12,	'Enim illum ad accusamus quam expedita ullamco lorem',	'Eos, eveniet, quia non repudiandae ratione consequatur, quis laborum cumque non.',	'2015-01-21 20:43:14',	10,	NULL,	1,	0,	0,	'0000-00-00 00:00:00',	1),
(229,	0,	12,	'Enim illum ad accusamus quam expedita ullamco lorem',	'Eos, eveniet, quia non repudiandae ratione consequatur, quis laborum cumque non.',	'2015-01-21 20:43:17',	13,	NULL,	1,	0,	0,	'0000-00-00 00:00:00',	1),
(230,	0,	12,	'Enim illum ad accusamus quam expedita ullamco lorem',	'Eos, eveniet, quia non repudiandae ratione consequatur, quis laborum cumque non.',	'2015-01-21 20:43:17',	14,	NULL,	1,	0,	0,	'0000-00-00 00:00:00',	1),
(231,	0,	12,	'Enim illum ad accusamus quam expedita ullamco lorem',	'Eos, eveniet, quia non repudiandae ratione consequatur, quis laborum cumque non.',	'2015-01-21 20:43:17',	18,	NULL,	1,	0,	0,	'0000-00-00 00:00:00',	1),
(232,	0,	12,	'Enim illum ad accusamus quam expedita ullamco lorem',	'Eos, eveniet, quia non repudiandae ratione consequatur, quis laborum cumque non.',	'2015-01-21 20:43:17',	20,	NULL,	1,	0,	0,	'0000-00-00 00:00:00',	1),
(233,	0,	12,	'Enim illum ad accusamus quam expedita ullamco lorem',	'Eos, eveniet, quia non repudiandae ratione consequatur, quis laborum cumque non.',	'2015-01-21 20:43:17',	21,	NULL,	1,	0,	0,	'0000-00-00 00:00:00',	1),
(234,	0,	12,	'Enim illum ad accusamus quam expedita ullamco lorem',	'Eos, eveniet, quia non repudiandae ratione consequatur, quis laborum cumque non.',	'2015-01-21 20:43:17',	24,	NULL,	1,	0,	0,	'0000-00-00 00:00:00',	1),
(235,	0,	12,	'Enim illum ad accusamus quam expedita ullamco lorem',	'Eos, eveniet, quia non repudiandae ratione consequatur, quis laborum cumque non.',	'2015-01-21 20:43:17',	25,	NULL,	1,	0,	0,	'0000-00-00 00:00:00',	1),
(236,	0,	12,	'Enim illum ad accusamus quam expedita ullamco lorem',	'Eos, eveniet, quia non repudiandae ratione consequatur, quis laborum cumque non.',	'2015-01-21 20:43:17',	26,	NULL,	1,	0,	0,	'0000-00-00 00:00:00',	1),
(237,	0,	12,	'Enim illum ad accusamus quam expedita ullamco lorem',	'Eos, eveniet, quia non repudiandae ratione consequatur, quis laborum cumque non.',	'2015-01-21 20:43:18',	27,	NULL,	1,	0,	0,	'0000-00-00 00:00:00',	1),
(238,	0,	12,	'Enim illum ad accusamus quam expedita ullamco lorem',	'Eos, eveniet, quia non repudiandae ratione consequatur, quis laborum cumque non.',	'2015-01-21 20:43:18',	29,	NULL,	1,	0,	0,	'0000-00-00 00:00:00',	1),
(239,	0,	29,	'Re:Re:Re:Molestias minima laudantium aliqua Harum enim',	'Qui dolorem sunt, consequat. Veritatis inventore dolor qui ad excepteur ut dolores dolor ex sit, quis aute.\r\n\r\n\r\n\r\ngak  jelas lo broo',	'2015-01-22 00:26:33',	12,	NULL,	1,	0,	0,	'0000-00-00 00:00:00',	1),
(240,	0,	29,	'Re:Re:Vero maxime necessitatibus id eos ut hic doloribus dolorem autem dolor reprehenderit quia voluptate eos minus',	'In adipisicing excepteur obcaecati similique et dolore ullamco irure accusamus nihil repellendus.',	'2015-01-22 00:27:30',	12,	NULL,	1,	0,	0,	'0000-00-00 00:00:00',	1),
(241,	0,	29,	'Re:Selamat Datang Di Perpustakaan STF Muhammadiyah Tangerang',	'Selamat Datang Di Perpustakaan STF Muhammadiyah Tangerang\r\nSelamat Datang!\r\nSitus ini ditujukan untuk anggota Perpustakaan STF Muhammadiyah Tangerang secara khusus dan masyarakat pada umumnya. Layanan-layanan jarak jauh disediakan pada situs ini untuk memberikan kemudahan bagi pengguna jasa Perpustakaan STF Muhammadiyah Tangerang untuk meningkatkan pengetahuannya.\r\n\r\nPerpustakaan STF Muhammadiyah Tangerang merupakan unit yang berfungsi memberikan pelayanan informasi kepada mahasiswa, dosen dalam melaksanakan tugas-tugas Tri Dharma Perguruan Tinggi yang mencakup pendidikan, penelitian dan pengabdian kepada masyarakat. Perpustakaan STF Muhammadiyah Tangerang dilengkapi dengan beragam bahan pustaka yang terdiri dari buku literatur baik dalam bahasa Indonesia maupun bahasa Inggris, majalah, jurnal ilmiah serta buku ilmu pengetahuan lainnya. Fasilitas Perpustakaan STF Muhammadiyah Tangerang digunakan oleh mahasiswa, dosen, karyawan dan alumni STF Muhammadiyah Tangerang.\r\n\r\nPerpustakaan STF Muhammadiyah Tangerang untuk program profesional dan sarjana terletak beberapa lokasi kampus yaitu di kampus D - depok , kampus E - kelapa dua,kampus J - Kalimalang, Akademi Kebidanan serta perpustakaan program pasca sarjana terletak di kampus C - kenari . Sedangkan perpustakaan audio visual dan Jurnal Elektronik terdapat di kampus depok. Dan semua cabang perpustakaan universitas gunadarma menggunakan sistem informasi perpustakaan yang terintegrasi satu sama lain. ',	'2015-01-22 00:28:55',	4,	NULL,	1,	0,	0,	'0000-00-00 00:00:00',	1);

DROP TABLE IF EXISTS `notifications`;
CREATE TABLE `notifications` (
  `id` int(11) NOT NULL AUTO_INCREMENT,
  `user_id` int(11) NOT NULL,
  `type` varchar(45) NOT NULL,
  `content` text NOT NULL,
  `url` text NOT NULL,
  `isread` tinyint(1) NOT NULL,
  `created` datetime NOT NULL,
  `modified` datetime NOT NULL,
  `deleted` int(11) NOT NULL,
  `deleted_date` datetime NOT NULL,
  `pushed` int(1) NOT NULL DEFAULT '0',
  PRIMARY KEY (`id`),
  KEY `user_id` (`user_id`)
) ENGINE=InnoDB DEFAULT CHARSET=latin1;

INSERT INTO `notifications` (`id`, `user_id`, `type`, `content`, `url`, `isread`, `created`, `modified`, `deleted`, `deleted_date`, `pushed`) VALUES
(1,	12,	'success',	'<strong>mama mama</strong> joining project request',	'',	0,	'2015-02-08 15:26:03',	'2016-12-17 13:43:58',	0,	'0000-00-00 00:00:00',	0),
(2,	12,	'success',	'<strong>mama mama</strong> joining project request',	'',	0,	'2015-02-08 15:26:03',	'2016-12-17 14:00:19',	0,	'0000-00-00 00:00:00',	0),
(3,	12,	'success',	'<strong>mama mama</strong> joining project request',	'',	0,	'2015-02-08 15:26:03',	'2016-12-17 13:54:28',	0,	'0000-00-00 00:00:00',	0),
(4,	12,	'success',	'<strong>mama mama</strong> joining project request',	'',	0,	'2015-02-08 15:26:03',	'2016-12-17 14:00:07',	0,	'0000-00-00 00:00:00',	0),
(5,	12,	'success',	'<strong>mama mama</strong> joining project request',	'',	0,	'2015-02-08 15:26:19',	'2016-12-17 13:57:07',	0,	'0000-00-00 00:00:00',	0),
(6,	12,	'success',	'<strong>mama mama</strong> joining project request',	'',	0,	'2015-02-08 15:26:19',	'2016-12-17 13:34:48',	0,	'0000-00-00 00:00:00',	0),
(7,	12,	'success',	'<strong>mama mama</strong> joining project request',	'',	0,	'2015-02-08 15:26:19',	'2016-12-17 13:58:48',	0,	'0000-00-00 00:00:00',	0),
(8,	12,	'success',	'<strong>mama mama</strong> joining project request',	'',	0,	'2015-02-08 15:26:19',	'2016-12-17 13:37:28',	0,	'0000-00-00 00:00:00',	0),
(9,	12,	'success',	'<strong>mama mama</strong> joining project request',	'',	0,	'2015-02-08 15:27:46',	'2015-05-31 00:05:20',	0,	'0000-00-00 00:00:00',	0),
(10,	12,	'success',	'<strong>mama mama</strong> joining project request',	'',	0,	'2015-02-08 15:27:46',	'2016-12-17 13:51:38',	0,	'0000-00-00 00:00:00',	0),
(11,	12,	'success',	'<strong>mama mama</strong> joining project request',	'',	0,	'2015-02-08 15:27:46',	'2016-12-17 13:43:08',	0,	'0000-00-00 00:00:00',	0),
(12,	12,	'success',	'<strong>mama mama</strong> joining project request',	'',	0,	'2015-02-08 15:27:46',	'2016-12-17 14:21:55',	0,	'0000-00-00 00:00:00',	0),
(13,	12,	'success',	'<strong>mama mama</strong> joining project request',	'',	0,	'2015-02-08 15:31:32',	'2016-12-17 14:19:14',	0,	'0000-00-00 00:00:00',	0),
(14,	12,	'success',	'<strong>mama mama</strong> joining project request',	'',	0,	'2015-02-08 15:31:32',	'2016-12-17 12:19:25',	0,	'0000-00-00 00:00:00',	0),
(15,	12,	'success',	'<strong>mama mama</strong> joining project request',	'',	0,	'2015-02-08 15:31:32',	'2016-12-17 14:19:34',	0,	'0000-00-00 00:00:00',	0),
(16,	12,	'success',	'<strong>mama mama</strong> joining project request',	'',	0,	'2015-02-08 15:31:32',	'2016-12-17 13:53:39',	0,	'0000-00-00 00:00:00',	0),
(17,	12,	'success',	'<strong>mama mama</strong> joining project request',	'',	0,	'2015-02-08 15:33:47',	'2016-12-17 13:59:09',	0,	'0000-00-00 00:00:00',	0),
(18,	12,	'success',	'<strong>mama mama</strong> request joining Yoshio Dixon project',	'',	0,	'2015-02-08 15:34:57',	'2016-12-17 12:14:05',	0,	'0000-00-00 00:00:00',	0),
(19,	12,	'success',	'<strong>Admin </strong> request joining Mitra Toyotaka Indonesia project',	'http://localhost/business/projects/view/15',	0,	'2015-02-08 18:27:22',	'2016-12-17 14:20:14',	0,	'0000-00-00 00:00:00',	0),
(23,	12,	'success',	'<strong>Admin </strong> request joining <strong>test saja</strong> project',	'http://localhost/business/projects/approval/16',	0,	'2015-02-09 02:36:08',	'2016-12-17 13:53:38',	0,	'0000-00-00 00:00:00',	0),
(24,	12,	'success',	'<strong>Admin </strong> request joining <strong>test saja</strong> project',	'http://localhost/business/projects/approval/17',	0,	'2015-02-09 02:39:24',	'2016-12-17 13:49:18',	0,	'0000-00-00 00:00:00',	0),
(25,	12,	'success',	'<strong>mama mama</strong> your request joining <strong>test saja</strong> have been approved!',	'http://localhost/business/projects/view/21',	0,	'2015-02-09 03:52:32',	'2016-12-17 12:15:35',	0,	'0000-00-00 00:00:00',	0),
(26,	12,	'success',	'mama mama commented on Ivan Bennett',	'http://localhost/business/projects/view/15/comment_5',	0,	'2015-02-10 00:44:36',	'2016-12-17 13:39:08',	0,	'0000-00-00 00:00:00',	0),
(27,	12,	'success',	'Admin  commented on Ivan Bennett',	'http://localhost/business/projects/view/15/#comment_6',	0,	'2015-02-10 00:46:45',	'2016-12-17 14:18:04',	0,	'0000-00-00 00:00:00',	0),
(28,	12,	'success',	'mama mama commented on Ivan Bennett',	'http://localhost/business/projects/view/15/#comment_7',	0,	'2015-02-10 00:47:21',	'2016-12-17 12:09:35',	0,	'0000-00-00 00:00:00',	0),
(29,	12,	'success',	'request joining <strong>lala lele lele lele</strong> project',	'http://localhost/business/projects/approval/19',	0,	'2015-02-10 00:49:16',	'2016-12-17 13:40:58',	0,	'0000-00-00 00:00:00',	0),
(30,	12,	'success',	'your request joining <strong>lala lele lele lele</strong> have been approved!',	'http://localhost/business/projects/view/22',	0,	'2015-02-10 00:49:38',	'2016-12-17 13:59:28',	0,	'0000-00-00 00:00:00',	0),
(31,	12,	'success',	'Admin  commented on lala lele lele lele',	'http://localhost/business/projects/view/22/#comment_8',	0,	'2015-02-10 00:53:21',	'2016-12-17 14:17:14',	0,	'0000-00-00 00:00:00',	0),
(32,	12,	'success',	'Admin  added an item on lala lele lele lele Project',	'http://localhost/business/projects/view/22',	0,	'2015-02-10 00:54:17',	'2016-12-17 13:59:37',	0,	'0000-00-00 00:00:00',	0),
(33,	12,	'success',	'Admin  added an item on lala lele lele lele Project',	'http://localhost/business/projects/view/22',	0,	'2015-02-10 00:57:18',	'2016-12-17 13:54:48',	0,	'0000-00-00 00:00:00',	0),
(34,	12,	'success',	'Admin  added an item on lala lele lele lele Project',	'http://localhost/business/projects/view/22/#li_140',	0,	'2015-02-10 00:59:13',	'2016-12-17 13:52:38',	0,	'0000-00-00 00:00:00',	0),
(35,	12,	'success',	'mama mama added an item on lala lele lele lele Project',	'http://localhost/business/projects/view/22/#li_141',	0,	'2015-02-10 01:00:01',	'2016-12-17 13:45:38',	0,	'0000-00-00 00:00:00',	0),
(36,	12,	'success',	'mama mama added an item on lala lele lele lele Project',	'http://localhost/business/projects/view/22/#li_142',	0,	'2015-02-10 01:03:37',	'2016-12-17 14:17:24',	0,	'0000-00-00 00:00:00',	0),
(37,	12,	'success',	'Admin  added an item on lala lele lele lele Project',	'http://localhost/business/projects/view/22/#li_143',	0,	'2015-02-10 01:04:07',	'2016-12-17 13:58:28',	0,	'0000-00-00 00:00:00',	0),
(38,	12,	'success',	'Admin  added an item on lala lele lele lele Project',	'http://localhost/business/projects/view/22/#li_144',	0,	'2015-02-10 01:08:00',	'2016-12-17 14:19:04',	0,	'0000-00-00 00:00:00',	0),
(39,	12,	'success',	'Admin  commented on lala lele lele lele',	'http://localhost/business/projects/view/22/#comment_9',	0,	'2015-02-10 01:08:19',	'2016-12-17 13:53:49',	0,	'0000-00-00 00:00:00',	0),
(40,	12,	'success',	'Admin  added an item on lala lele lele lele Project',	'http://localhost/business/projects/view/22/#li_145',	0,	'2015-02-10 01:08:25',	'2016-12-17 13:55:18',	0,	'0000-00-00 00:00:00',	0),
(41,	12,	'success',	'Admin  added an item on lala lele lele lele Project',	'http://localhost/business/projects/view/22/#li_146',	0,	'2015-02-10 01:08:31',	'2016-12-17 14:18:34',	0,	'0000-00-00 00:00:00',	0),
(42,	12,	'success',	'Admin  added an item on lala lele lele lele Project',	'http://localhost/business/projects/view/22/#li_147',	0,	'2015-02-10 01:09:52',	'2016-12-17 13:56:08',	0,	'0000-00-00 00:00:00',	0),
(43,	12,	'success',	'Admin  added an item on lala lele lele lele Project',	'http://localhost/business/projects/view/22/#li_148',	0,	'2015-02-10 01:10:25',	'2016-12-17 13:54:18',	0,	'0000-00-00 00:00:00',	0),
(44,	12,	'success',	'Admin  added an item on lala lele lele lele Project',	'http://localhost/business/projects/view/22/#li_149',	0,	'2015-02-10 01:11:18',	'2016-12-17 13:59:47',	0,	'0000-00-00 00:00:00',	0),
(45,	12,	'success',	'mama mama added an item on lala lele lele lele Project',	'http://localhost/business/projects/view/22/#li_150',	0,	'2015-02-10 01:12:05',	'2016-12-17 12:15:15',	0,	'0000-00-00 00:00:00',	0),
(46,	12,	'success',	'Admin  commented on lala lele lele lele',	'http://localhost/business/projects/view/22/#comment_10',	0,	'2015-02-10 01:12:27',	'2016-12-17 13:39:28',	0,	'0000-00-00 00:00:00',	0),
(47,	12,	'success',	'mama mama commented on lala lele lele lele',	'http://localhost/business/projects/view/22/#comment_11',	0,	'2015-02-10 01:14:22',	'2016-12-17 13:54:08',	0,	'0000-00-00 00:00:00',	0),
(48,	12,	'success',	'Admin  commented on Jonah Lee',	'http://business.local/projects/view/16/#comment_12',	0,	'2015-02-10 22:21:01',	'2016-12-17 14:18:25',	0,	'0000-00-00 00:00:00',	0),
(49,	12,	'success',	'Admin  commented on Jonah Lee',	'http://business.local/projects/view/16/#comment_13',	0,	'2015-02-10 22:21:16',	'2016-12-17 14:20:54',	0,	'0000-00-00 00:00:00',	0),
(50,	12,	'success',	'request joining <strong>Mc Donalds SWOT</strong> project',	'http://business.local/projects/approval/23',	0,	'2015-02-11 07:45:10',	'2016-12-17 14:17:34',	0,	'0000-00-00 00:00:00',	0),
(51,	12,	'success',	'request joining <strong>Mc Donalds SWOT</strong> project',	'http://business.local/projects/approval/24',	0,	'2015-02-11 07:50:08',	'2016-12-17 13:30:18',	0,	'0000-00-00 00:00:00',	0),
(52,	12,	'success',	'mama mama commented on Mc Donalds SWOT',	'http://business.local/projects/view/25/#comment_14',	0,	'2015-02-11 07:50:19',	'2016-12-17 14:22:14',	0,	'0000-00-00 00:00:00',	0),
(53,	12,	'success',	'<strong>mama mama</strong> added an item on <strong>Mc Donalds SWOT Project</strong>',	'http://business.local/projects/view/25/#li_171',	0,	'2015-02-11 09:09:57',	'2016-12-17 12:11:15',	0,	'0000-00-00 00:00:00',	0),
(54,	12,	'success',	'request joining <strong>automotive industry</strong> project',	'http://business.local/projects/approval/25',	0,	'2015-02-11 10:10:56',	'2016-12-17 13:54:58',	0,	'0000-00-00 00:00:00',	0),
(55,	12,	'success',	'your request joining <strong>automotive industry</strong> have been approved!',	'http://business.local/projects/view/24',	0,	'2015-02-11 10:11:10',	'2016-12-17 13:58:18',	0,	'0000-00-00 00:00:00',	0),
(56,	12,	'success',	'mama mama commented on Jonah Lee',	'http://business.local/projects/view/16/#comment_15',	0,	'2015-02-12 11:05:55',	'2016-12-17 12:10:55',	0,	'0000-00-00 00:00:00',	0),
(57,	12,	'success',	'<strong>mama mama</strong> added an item on <strong>Jonah Lee Project</strong>',	'http://business.local/projects/view/16/#li_172',	0,	'2015-02-12 11:06:23',	'2016-12-17 13:48:08',	0,	'0000-00-00 00:00:00',	0),
(58,	12,	'success',	'<strong>mama mama</strong> added an item on <strong>Jonah Lee Project</strong>',	'http://business.local/projects/view/16/#li_173',	0,	'2015-02-12 11:07:02',	'2016-12-17 14:22:04',	0,	'0000-00-00 00:00:00',	0),
(59,	12,	'success',	'<strong>mama mama</strong> added an item on <strong>Jonah Lee Project</strong>',	'http://business.local/projects/view/16/#li_174',	0,	'2015-02-12 11:07:50',	'2016-12-17 14:20:04',	0,	'0000-00-00 00:00:00',	0),
(60,	12,	'success',	'mama mama commented on Jonah Lee',	'http://business.local/projects/view/16/#comment_16',	0,	'2015-02-12 11:08:34',	'2016-12-17 14:20:44',	0,	'0000-00-00 00:00:00',	0),
(61,	12,	'success',	'your request joining <strong>automotive industry</strong> have been approved!',	'http://business.local/projects/view/24',	0,	'2015-02-13 22:45:23',	'2016-12-17 12:16:45',	0,	'0000-00-00 00:00:00',	0),
(62,	12,	'success',	'request joining <strong>Mama Yukero Mama</strong> project',	'http://business.local/projects/approval/29',	0,	'2015-02-14 01:31:38',	'2016-12-17 13:49:08',	0,	'0000-00-00 00:00:00',	0),
(63,	12,	'success',	'Your request joining <strong>Mama Yukero Mama</strong> have been approved!',	'http://business.local/projects/view/28',	0,	'2015-02-14 02:01:03',	'2016-12-17 14:18:14',	0,	'0000-00-00 00:00:00',	0),
(64,	12,	'success',	' <strong>mama</strong> commented on <strong>Mama Yukero Mama</strong>',	'http://business.local/projects/view/28#10',	0,	'2015-02-14 02:05:17',	'2016-12-17 13:42:58',	0,	'0000-00-00 00:00:00',	0),
(65,	12,	'success',	' <strong>mama</strong> commented on <strong>Mama Yukero Mama</strong>',	'http://business.local/projects/view/28#discussion_11',	0,	'2015-02-14 02:06:40',	'2016-12-17 13:54:38',	0,	'0000-00-00 00:00:00',	0),
(66,	12,	'success',	' <strong>mama</strong> commented on <strong>Mama Yukero Mama</strong>',	'http://business.local/projects/view/28#discussion_12',	0,	'2015-02-14 02:08:46',	'2016-12-17 13:33:58',	0,	'0000-00-00 00:00:00',	0),
(67,	12,	'success',	' <strong>mama</strong> commented on <strong>Mama Yukero Mama</strong>',	'http://business.local/projects/view/28#discussion_13',	0,	'2015-02-14 02:09:44',	'2016-12-17 13:30:58',	0,	'0000-00-00 00:00:00',	0),
(68,	12,	'success',	'<strong>mama mama</strong> added an item on <strong>Mama Yukero Mama Project</strong>',	'http://business.local/projects/view/28/#li_175',	0,	'2015-02-14 02:26:26',	'2016-12-17 14:22:34',	0,	'0000-00-00 00:00:00',	0),
(69,	12,	'success',	' <strong>mama</strong> commented on <strong>Mama Yukero Mama</strong>',	'http://business.local/projects/view/28#discussion_5',	0,	'2015-02-14 02:44:46',	'2016-12-17 14:21:24',	0,	'0000-00-00 00:00:00',	0),
(70,	12,	'success',	' <strong>mama</strong> commented on <strong>Mama Yukero Mama</strong>',	'http://business.local/projects/view/28#discussion_6',	0,	'2015-02-14 02:47:28',	'2016-12-17 13:56:48',	0,	'0000-00-00 00:00:00',	0),
(71,	12,	'success',	' <strong>mama</strong> commented on <strong>Mama Yukero Mama</strong>',	'http://business.local/projects/view/28#discussion_7',	0,	'2015-02-14 03:02:42',	'2016-12-17 13:50:18',	0,	'0000-00-00 00:00:00',	0),
(72,	12,	'success',	' <strong>mama</strong> commented on <strong>Mama Yukero Mama</strong>',	'http://business.local/projects/view/28#discussion_8',	0,	'2015-02-14 03:04:00',	'2016-12-17 13:42:48',	0,	'0000-00-00 00:00:00',	0),
(73,	12,	'success',	' <strong>mama</strong> commented on <strong>Mama Yukero Mama</strong>',	'http://business.local/projects/view/28#discussion_14',	0,	'2015-02-14 03:23:04',	'2016-12-17 14:21:35',	0,	'0000-00-00 00:00:00',	0),
(74,	12,	'success',	' <strong>mama</strong> commented on <strong>Mama Yukero Mama</strong>',	'http://business.local/projects/view/28#discussion_15',	0,	'2015-02-14 12:19:28',	'2016-12-17 13:47:38',	0,	'0000-00-00 00:00:00',	0),
(75,	12,	'success',	' <strong>mama</strong> commented on <strong>Mama Yukero Mama</strong>',	'http://business.local/projects/view/28#discussion_9',	0,	'2015-02-14 18:14:24',	'2016-12-17 14:19:45',	0,	'0000-00-00 00:00:00',	0),
(76,	12,	'success',	' <strong>mama</strong> commented on <strong>Mama Yukero Mama</strong>',	'http://business.local/projects/view/28#discussion_10',	0,	'2015-02-14 18:14:46',	'2016-12-17 14:17:44',	0,	'0000-00-00 00:00:00',	0),
(77,	12,	'success',	' <strong>mama</strong> commented on <strong>Mama Yukero Mama</strong>',	'http://business.local/projects/view/28#discussion_16',	0,	'2015-02-14 19:17:53',	'2016-12-17 13:40:29',	0,	'0000-00-00 00:00:00',	0),
(78,	12,	'success',	'lala lala request joining <strong>Mama Yukero Mama</strong> project',	'http://business.local/projects/approval/30',	0,	'2015-02-14 21:07:06',	'2016-12-17 14:17:54',	0,	'0000-00-00 00:00:00',	0),
(79,	12,	'success',	'Your request joining <strong>Mama Yukero Mama</strong> have been approved!',	'http://business.local/projects/view/28',	0,	'2015-02-14 21:08:33',	'2016-12-17 14:17:05',	0,	'0000-00-00 00:00:00',	0),
(80,	12,	'success',	' <strong>mama</strong> commented on <strong>Mama Yukero Mama</strong>',	'http://business.local/projects/view/28#discussion_17',	0,	'2015-02-14 21:11:06',	'2016-12-17 14:20:24',	0,	'0000-00-00 00:00:00',	0),
(81,	12,	'success',	' <strong>mama</strong> commented on <strong>Mama Yukero Mama</strong>',	'http://business.local/projects/view/28#discussion_11',	0,	'2015-02-14 21:13:00',	'2016-12-17 10:26:54',	0,	'0000-00-00 00:00:00',	0),
(82,	12,	'success',	' <strong>mama</strong> commented on <strong>Mama Yukero Mama</strong>',	'http://business.local/projects/view/28#discussion_12',	0,	'2015-02-14 21:14:32',	'2016-12-17 13:44:28',	0,	'0000-00-00 00:00:00',	0),
(83,	12,	'success',	' <strong>mama</strong> commented on <strong>Mama Yukero Mama</strong>',	'http://business.local/projects/view/28#discussion_13',	0,	'2015-02-14 21:21:47',	'2016-12-17 13:46:38',	0,	'0000-00-00 00:00:00',	0),
(84,	12,	'success',	' <strong>mama mama</strong> commented on <strong>Mama Yukero Mama</strong>',	'http://business.local/projects/view/28#discussion_14',	0,	'2015-02-14 21:23:30',	'2016-12-17 13:52:18',	0,	'0000-00-00 00:00:00',	0),
(85,	12,	'success',	' <strong>mama</strong> commented on <strong>Mama Yukero Mama</strong>',	'http://business.local/projects/view/28#discussion_18',	0,	'2015-02-15 10:16:07',	'2016-12-17 13:41:38',	0,	'0000-00-00 00:00:00',	0),
(86,	12,	'success',	' <strong>mama</strong> commented on <strong>Mitra Toyotaka Indonesia</strong>',	'http://business.local/projects/view/17#discussion_19',	0,	'2015-02-16 01:21:25',	'2016-12-17 14:22:24',	0,	'0000-00-00 00:00:00',	0),
(87,	12,	'success',	' <strong>mama</strong> commented on <strong>Mama Yukero Mama</strong>',	'http://business.local/projects/view/28#discussion_20',	0,	'2015-02-16 10:10:50',	'2016-12-17 14:18:44',	0,	'0000-00-00 00:00:00',	0),
(88,	12,	'success',	' <strong>mama mama</strong> commented on <strong>Mama Yukero Mama</strong>',	'http://business.local/projects/view/28#discussion_17',	0,	'2015-02-16 10:11:14',	'2016-12-17 14:21:14',	0,	'0000-00-00 00:00:00',	0),
(89,	12,	'success',	' <strong>mama</strong> commented on <strong>Mama Yukero Mama</strong>',	'http://business.local/projects/view/28#discussion_21',	0,	'2015-02-16 10:11:41',	'2016-12-17 13:51:28',	0,	'0000-00-00 00:00:00',	0),
(90,	12,	'success',	' <strong>mama</strong> commented on <strong>Mama Yukero Mama</strong>',	'http://business.local/projects/view/28#discussion_22',	0,	'2015-02-16 10:13:14',	'2016-12-17 14:21:44',	0,	'0000-00-00 00:00:00',	0),
(91,	12,	'success',	'Mizno Kruge request joining <strong>Mama Yukero Mama</strong> project',	'http://businessx.local/projects/approval/31',	0,	'2015-02-19 23:17:35',	'2016-12-17 14:20:34',	0,	'0000-00-00 00:00:00',	0),
(92,	12,	'success',	' <strong>lala</strong> commented on <strong>Mama Yukero Mama</strong>',	'http://businessx.local/projects/view/28#discussion_23',	0,	'2015-02-19 23:20:22',	'2016-12-17 13:56:18',	0,	'0000-00-00 00:00:00',	0);

DROP TABLE IF EXISTS `products`;
CREATE TABLE `products` (
  `id` int(11) NOT NULL AUTO_INCREMENT,
  `name` varchar(45) NOT NULL,
  `unit` varchar(45) NOT NULL,
  `reorder_level` int(11) DEFAULT NULL,
  `price` varchar(45) DEFAULT NULL,
  `stok` int(11) NOT NULL DEFAULT '0',
  PRIMARY KEY (`id`)
) ENGINE=InnoDB DEFAULT CHARSET=latin1;

INSERT INTO `products` (`id`, `name`, `unit`, `reorder_level`, `price`, `stok`) VALUES
(12,	'Stewart Mayer',	'Temporibus incidunt rerum itaque quo ipsa',	95,	'92',	1000),
(13,	'Jolie Glenn',	'Omnis rerum eligendi iure saepe vel veniam s',	1,	'264',	3000);

DROP TABLE IF EXISTS `purchase_orders`;
CREATE TABLE `purchase_orders` (
  `id` int(11) NOT NULL AUTO_INCREMENT,
  `date` datetime DEFAULT NULL,
  `total_amount` float(10,2) DEFAULT NULL,
  `discount` float(10,2) DEFAULT NULL,
  `selesai` char(1) DEFAULT 'N',
  `clinic_id` int(11) NOT NULL,
  `supplier_id` int(11) NOT NULL,
  PRIMARY KEY (`id`),
  KEY `fk_sales_clinics1` (`clinic_id`),
  KEY `fk_purchase_orders_suppliers1` (`supplier_id`),
  CONSTRAINT `fk_purchase_orders_suppliers1` FOREIGN KEY (`supplier_id`) REFERENCES `suppliers` (`id`) ON DELETE NO ACTION ON UPDATE NO ACTION,
  CONSTRAINT `fk_sales_clinics10` FOREIGN KEY (`clinic_id`) REFERENCES `clinics` (`id`) ON DELETE NO ACTION ON UPDATE NO ACTION
) ENGINE=InnoDB DEFAULT CHARSET=latin1;


DROP TABLE IF EXISTS `purchase_order_items`;
CREATE TABLE `purchase_order_items` (
  `id` int(11) NOT NULL AUTO_INCREMENT,
  `price` float(10,2) DEFAULT NULL,
  `qty` int(11) NOT NULL,
  `product_id` int(11) NOT NULL,
  `purchase_order_id` int(11) NOT NULL,
  PRIMARY KEY (`id`),
  KEY `fk_sale_items_products1` (`product_id`),
  KEY `fk_purchase_order_items_purchase_orders1` (`purchase_order_id`),
  CONSTRAINT `fk_purchase_order_items_purchase_orders1` FOREIGN KEY (`purchase_order_id`) REFERENCES `purchase_orders` (`id`) ON DELETE NO ACTION ON UPDATE NO ACTION,
  CONSTRAINT `fk_sale_items_products10` FOREIGN KEY (`product_id`) REFERENCES `products` (`id`) ON DELETE NO ACTION ON UPDATE NO ACTION
) ENGINE=InnoDB DEFAULT CHARSET=latin1;


DROP TABLE IF EXISTS `sales`;
CREATE TABLE `sales` (
  `id` int(11) NOT NULL AUTO_INCREMENT,
  `date` datetime DEFAULT NULL,
  `total_amount` float(10,2) DEFAULT NULL,
  `discount` float(10,2) DEFAULT NULL,
  `selesai` char(1) DEFAULT 'N',
  `clinic_id` int(11) NOT NULL,
  `customer_id` int(11) NOT NULL,
  PRIMARY KEY (`id`),
  KEY `fk_sales_clinics1` (`clinic_id`),
  KEY `fk_sales_customers1` (`customer_id`),
  CONSTRAINT `fk_sales_clinics1` FOREIGN KEY (`clinic_id`) REFERENCES `clinics` (`id`) ON DELETE NO ACTION ON UPDATE NO ACTION,
  CONSTRAINT `fk_sales_customers1` FOREIGN KEY (`customer_id`) REFERENCES `customers` (`id`) ON DELETE NO ACTION ON UPDATE NO ACTION
) ENGINE=InnoDB DEFAULT CHARSET=latin1;

INSERT INTO `sales` (`id`, `date`, `total_amount`, `discount`, `selesai`, `clinic_id`, `customer_id`) VALUES
(4,	'2004-02-20 00:00:00',	42000.00,	98.00,	'D',	3,	6);

DROP TABLE IF EXISTS `sale_items`;
CREATE TABLE `sale_items` (
  `id` int(11) NOT NULL AUTO_INCREMENT,
  `price` float(10,2) DEFAULT NULL,
  `qty` int(11) NOT NULL,
  `sale_id` int(11) NOT NULL,
  `product_id` int(11) NOT NULL,
  PRIMARY KEY (`id`),
  KEY `fk_sale_items_sales` (`sale_id`),
  KEY `fk_sale_items_products1` (`product_id`),
  CONSTRAINT `fk_sale_items_products1` FOREIGN KEY (`product_id`) REFERENCES `products` (`id`) ON DELETE NO ACTION ON UPDATE NO ACTION,
  CONSTRAINT `fk_sale_items_sales` FOREIGN KEY (`sale_id`) REFERENCES `sales` (`id`) ON DELETE NO ACTION ON UPDATE NO ACTION
) ENGINE=InnoDB DEFAULT CHARSET=latin1;

INSERT INTO `sale_items` (`id`, `price`, `qty`, `sale_id`, `product_id`) VALUES
(13,	9000.00,	4,	4,	12),
(14,	600.00,	10,	4,	13);

DROP TABLE IF EXISTS `suppliers`;
CREATE TABLE `suppliers` (
  `id` int(11) NOT NULL AUTO_INCREMENT,
  `name` varchar(45) DEFAULT NULL,
  `address` varchar(45) DEFAULT NULL,
  `phone` varchar(45) DEFAULT NULL,
  PRIMARY KEY (`id`)
) ENGINE=InnoDB DEFAULT CHARSET=latin1;

INSERT INTO `suppliers` (`id`, `name`, `address`, `phone`) VALUES
(6,	'Gloria Mejia',	'Sit cum rerum rerum accusantium aperiam inven',	'+566-60-1595443'),
(7,	'Keegan Glass',	'Ullam consequatur unde saepe accusantium labo',	'+751-77-9083620');

DROP TABLE IF EXISTS `users`;
CREATE TABLE `users` (
  `id` int(10) unsigned NOT NULL AUTO_INCREMENT,
  `username` varchar(50) DEFAULT NULL,
  `password` varchar(50) DEFAULT NULL,
  `email` varchar(50) DEFAULT NULL,
  `group_id` int(11) DEFAULT NULL,
  `created` datetime DEFAULT NULL,
  `modified` datetime DEFAULT NULL,
  `board_id` varchar(50) DEFAULT NULL,
  `display_ticket` int(11) DEFAULT '0',
  `display_ticket2` int(11) NOT NULL,
  `phone_address` varchar(18) NOT NULL,
  `ip_address` varchar(16) NOT NULL,
  `name` varchar(200) NOT NULL,
  `foto` varchar(200) NOT NULL,
  `description` text NOT NULL,
  `deleted` int(11) NOT NULL,
  `deleted_date` datetime NOT NULL,
  `user_group_id` int(11) DEFAULT NULL,
  `email_verified` tinyint(3) DEFAULT '0',
  `salt` varchar(255) DEFAULT NULL,
  `membership_id` int(11) NOT NULL,
  `active` int(11) NOT NULL,
  PRIMARY KEY (`id`),
  KEY `phone_address` (`phone_address`),
  KEY `ip_address` (`ip_address`)
) ENGINE=InnoDB DEFAULT CHARSET=latin1;

INSERT INTO `users` (`id`, `username`, `password`, `email`, `group_id`, `created`, `modified`, `board_id`, `display_ticket`, `display_ticket2`, `phone_address`, `ip_address`, `name`, `foto`, `description`, `deleted`, `deleted_date`, `user_group_id`, `email_verified`, `salt`, `membership_id`, `active`) VALUES
(4,	'sales',	'3db1537f747c9d57dfa057739d3ae613',	'sales@belifurniture.com',	1,	'2012-02-23 06:48:24',	'2015-01-12 01:06:19',	'',	1,	0,	'',	'',	'',	'1420081220.jpg',	'',	0,	'0000-00-00 00:00:00',	3,	1,	'fa43ce2c1539ee83e2bcdb0d50302b39',	0,	1),
(5,	'god',	'121e66302f6cb4ed91b62200cc3b5a7d',	'somawisnu@gmail.com',	1,	'2012-02-23 08:18:30',	'2015-01-07 22:21:54',	'',	0,	0,	'',	'',	'',	'',	'',	0,	'0000-00-00 00:00:00',	1,	1,	'37ec5e69da28a0e5f9b31c6dd6587598',	0,	1),
(6,	'boss',	'a5c7080dcf5cbdf8f64cd331a05f454a',	'iamthe@boss.com',	2,	'2012-02-26 21:33:36',	'2015-01-07 22:21:56',	NULL,	0,	0,	'',	'',	'',	'',	'',	0,	'0000-00-00 00:00:00',	2,	1,	'56616bc744dc1e661335bf1b832393fb',	0,	1),
(7,	'sales1',	'93eccd81b93a68a5cffab7f7f1450cf2',	'sales1@belifurniture.com',	3,	'2012-02-26 22:15:32',	'2015-01-07 22:21:57',	NULL,	1,	0,	'',	'',	'',	'',	'',	0,	'0000-00-00 00:00:00',	3,	1,	'241833e5382ffc21ff5861438c27554d',	0,	1),
(8,	'mundo',	'7b4de7fbb5ee88c740c9e6aaf7f7d218',	'somawisnu@gmail.com',	1,	'2012-03-08 01:46:54',	'2015-01-07 22:21:57',	NULL,	0,	0,	'',	'',	'',	'',	'',	0,	'0000-00-00 00:00:00',	1,	1,	'2f4a82d00c1e1c2cb9dd5e4498bfd729',	0,	1),
(9,	'analyst',	'feda9b294c7802820c8ab381e0a04cce',	'analyst@analyst.com',	4,	'2012-04-23 03:45:27',	'2015-01-07 22:21:59',	NULL,	0,	0,	'',	'',	'',	'',	'',	0,	'0000-00-00 00:00:00',	4,	1,	'ddc8df41c526ddeda6d09274a0b8e372',	0,	1),
(10,	'dahpit',	'12a8637eee275006c3cb319961cf9571',	'dahpit@gmail.com',	5,	'2012-11-21 05:48:35',	'2015-01-07 22:22:00',	NULL,	0,	0,	'',	'',	'',	'',	'',	0,	'0000-00-00 00:00:00',	5,	1,	'8753aa14d162238683fff5c5572714a0',	0,	1),
(11,	'ayu',	'ee55f6533f74608fb9966be05952bd3a',	'ayu@gmail.com',	6,	'2012-11-22 02:41:18',	'2015-01-07 22:22:00',	NULL,	0,	0,	'',	'',	'',	'',	'',	0,	'0000-00-00 00:00:00',	6,	1,	'402f1ad28d1b21a3cfc926755aea960f',	0,	1),
(12,	'mizno',	'4879c1fce99fa58e9c807a1b3931d369',	'mizno.kruge@gmail.com',	1,	'2013-04-30 14:40:10',	'2015-01-28 17:44:22',	'',	0,	0,	'',	'',	'',	'1422441862.jpg',	'',	0,	'0000-00-00 00:00:00',	1,	1,	'7140adf0acb3999433b76aba2789e3f8',	0,	1),
(13,	'inka',	'f2ce6afc685d81047eba1feaea652bb5',	'inka@yahoo.com',	2,	'2013-06-05 15:45:06',	'2015-01-07 22:22:01',	'519daaad6f55aadd60001b4f',	0,	0,	'',	'',	'',	'',	'',	0,	'0000-00-00 00:00:00',	2,	1,	'bdc326291d653e89921646e218be8621',	0,	1),
(14,	'werwer',	'bed2f92a60bdcc89981437405e889d08',	'4234@asd.com',	1,	'2013-06-05 16:30:38',	'2015-01-07 22:22:02',	NULL,	0,	0,	'',	'',	'',	'',	'',	0,	'0000-00-00 00:00:00',	1,	1,	'380a6dd4c428eec6e5f209b96ab338b6',	0,	1),
(15,	'wrewrew',	'5017aaf4077977e80c5956429b508bac',	'42345@asd.com',	1,	'2013-06-05 16:50:35',	'2015-01-07 22:22:03',	NULL,	0,	0,	'',	'',	'',	'',	'',	0,	'0000-00-00 00:00:00',	1,	1,	'df4b0249225eddd2ca7fb0f24a0ed5f5',	0,	1),
(17,	'bobo',	'36981c2243b7bb34a15c5487432980af',	'bobo@bobo.com',	1,	'2013-06-13 12:42:17',	'2015-01-07 22:22:03',	'78787878787',	0,	0,	'',	'',	'',	'',	'',	0,	'0000-00-00 00:00:00',	1,	1,	'b4b1239e622c749673fbb847d9af1808',	0,	1),
(18,	'xxx',	'6ceb57de09ddeca6b190a1ecaa7a687d',	'xxx@xx.com',	3,	'2013-09-10 11:24:31',	'2015-01-07 22:22:04',	'',	0,	1,	'',	'',	'',	'',	'',	0,	'0000-00-00 00:00:00',	3,	1,	'98972e9fa17bd83dbaf8a0ca516a8543',	0,	1),
(19,	'www',	'48901abbc66e059499970a69d517a17a',	'www@www.com',	2,	'2013-09-10 11:36:59',	'2015-01-07 22:22:05',	'',	0,	0,	'',	'',	'',	'',	'',	0,	'0000-00-00 00:00:00',	2,	1,	'4e131ae9095559efaa8c42e6f9ea2cab',	0,	1),
(20,	'NA',	'2d7cdf5724c3a91d0dc6c979b724359f',	'somawisnu@gmail.com',	3,	NULL,	'2015-01-07 22:22:07',	NULL,	1,	0,	'',	'',	'',	'',	'',	0,	'0000-00-00 00:00:00',	3,	1,	'937d5344da96b5e05d42a968a05ca841',	0,	1),
(21,	'satisfaction-t',	'0f0b89cd929942c84ec4ddef8ba92241',	'satisfaction@gmail.com',	9,	'2013-09-27 05:50:04',	'2015-01-07 22:22:07',	'',	0,	0,	'',	'',	'',	'',	'',	0,	'0000-00-00 00:00:00',	9,	1,	'3c64ebd41d04c25aa5ce709e6beeab2b',	0,	1),
(23,	'sales_nih',	'f3aa72dc8341e763183622fb6a4d5130',	'sales@hell.com',	1,	'2014-02-05 00:00:00',	'2015-01-07 22:22:08',	'5',	0,	1,	'',	'',	'',	'1417808837.jpg',	'',	0,	'0000-00-00 00:00:00',	1,	1,	'6cdd41240de60c69887ed2e091db145c',	0,	1),
(24,	'cs',	'1d7aab0e5ef623a91f3fa989a05d904b',	'kljhkhk@gmail.com',	7,	'2014-02-12 15:35:34',	'2015-01-07 22:22:10',	'',	0,	0,	'',	'',	'',	'',	'',	0,	'0000-00-00 00:00:00',	7,	1,	'f430aa77c95982ca3052800d8ac52480',	0,	1),
(25,	'stephanus',	'fd80874f3d288d71916ced31c6732ebf',	'stephanus.bf@gmail.com',	1,	'2014-02-24 10:15:12',	'2015-01-07 22:22:11',	'',	0,	0,	'',	'',	'',	'',	'',	0,	'0000-00-00 00:00:00',	1,	1,	'17ac63201049beabc22207f6675e56b3',	0,	1),
(26,	'inka',	'8b490d5191a71770f57563d1cf0cef77',	'inka@bf.com',	1,	'2014-03-11 12:15:36',	'2015-01-07 22:22:13',	'',	0,	0,	'',	'',	'',	'',	'',	0,	'0000-00-00 00:00:00',	1,	1,	'1e4bea7c949c37a74d72161b23b10045',	0,	1),
(27,	'new_cs',	'841b01340d0fd6b6534cf51b37316aea',	'fajar_cs@gmail.com',	7,	NULL,	'2015-01-07 22:22:14',	NULL,	1,	0,	'',	'',	'',	'',	'',	0,	'0000-00-00 00:00:00',	7,	1,	'e0881c04e34ea86851a9b62b1dce6692',	0,	1),
(28,	'inka',	'2a0b2335c4cec05ea58b0b5c2b60fdb6',	'inka@maho.com',	1,	'2014-03-20 23:54:10',	'2015-01-07 22:22:15',	'1',	0,	0,	'',	'',	'',	'',	'',	0,	'0000-00-00 00:00:00',	1,	1,	'd39dadd775bbf6e8b4472bd5da2129e2',	0,	1),
(29,	'admin',	'98b5b202e251161c7f841b54c4d96eb6',	'admin@admin.com',	1,	NULL,	'2015-01-13 21:35:44',	NULL,	0,	0,	'',	'',	'',	'1421159744.jpg',	'',	0,	'0000-00-00 00:00:00',	1,	1,	'cb0b112384303c3165130a7c4e006c01',	0,	1),
(30,	NULL,	'b060e3e42f8bba23000749e8ace8f4c2',	NULL,	NULL,	'2015-01-07 08:56:16',	'2015-01-07 22:22:15',	NULL,	0,	0,	'',	'',	'',	'',	'',	0,	'0000-00-00 00:00:00',	NULL,	1,	'76a81df440199b81a493d51bcd6319ab',	0,	1),
(31,	NULL,	'47fd97c7080633016dfb9caa8dd56a62',	NULL,	NULL,	'2015-01-07 08:58:19',	'2015-01-07 22:22:16',	NULL,	0,	0,	'',	'',	'',	'',	'',	0,	'0000-00-00 00:00:00',	NULL,	1,	'243fc6b6fc71c58536d03450e0ff664a',	0,	1),
(32,	NULL,	'5a6525e622e3c2afaa6dfec67d8a9922',	NULL,	NULL,	'2015-01-07 08:59:25',	'2015-01-07 22:22:16',	NULL,	0,	0,	'',	'',	'',	'',	'',	0,	'0000-00-00 00:00:00',	NULL,	1,	'ad834160f5e16ceb8d72a9b419d064f9',	0,	1),
(33,	NULL,	'b628a2ba0410ffc2f23bcce89946964d',	NULL,	NULL,	'2015-01-07 09:00:50',	'2015-01-07 22:22:17',	NULL,	0,	0,	'',	'',	'',	'',	'',	0,	'0000-00-00 00:00:00',	NULL,	1,	'c562c838b0f7b42f346d86c4d59a8a47',	0,	1),
(34,	NULL,	'e4624d71e636f65dedf949314dc35a88',	NULL,	NULL,	'2015-01-11 23:07:34',	'2015-01-11 23:07:34',	NULL,	0,	0,	'',	'',	'',	'',	'',	0,	'0000-00-00 00:00:00',	NULL,	1,	'9cba62450930848444df3d8d18e7c5dc',	0,	1),
(35,	NULL,	'c127d47d83fadcb6b95ce104f51243d7',	NULL,	NULL,	'2015-01-12 11:16:41',	'2015-01-12 11:16:41',	NULL,	0,	0,	'',	'',	'',	'',	'',	0,	'0000-00-00 00:00:00',	NULL,	0,	'2280a132492f4eddc6e800fe8affa082',	0,	0),
(36,	'akhfan',	'qwerty',	'akhfan@gmail.com',	1,	'2015-03-06 15:27:54',	'2015-03-06 15:27:54',	'',	0,	0,	'',	'',	'',	'',	'',	0,	'0000-00-00 00:00:00',	NULL,	1,	NULL,	0,	1),
(37,	'dwian',	'dwian',	'',	1,	'2015-03-10 08:29:12',	'2015-03-10 08:29:12',	'',	0,	0,	'',	'',	'',	'',	'',	0,	'0000-00-00 00:00:00',	NULL,	0,	NULL,	0,	0);

DROP TABLE IF EXISTS `user_groups`;
CREATE TABLE `user_groups` (
  `id` int(11) NOT NULL AUTO_INCREMENT,
  `name` varchar(100) DEFAULT NULL,
  `alias_name` varchar(100) DEFAULT NULL,
  `allowRegistration` int(1) NOT NULL DEFAULT '1',
  `created` datetime DEFAULT NULL,
  `modified` datetime DEFAULT NULL,
  `deleted_date` datetime NOT NULL,
  `deleted` int(11) NOT NULL DEFAULT '0',
  PRIMARY KEY (`id`)
) ENGINE=InnoDB DEFAULT CHARSET=latin1;

INSERT INTO `user_groups` (`id`, `name`, `alias_name`, `allowRegistration`, `created`, `modified`, `deleted_date`, `deleted`) VALUES
(1,	'Admin',	'Admin',	0,	'2015-01-04 06:44:22',	'2015-01-04 06:44:22',	'0000-00-00 00:00:00',	0),
(2,	'User',	'User',	1,	'2015-01-04 06:44:22',	'2015-01-04 06:44:22',	'0000-00-00 00:00:00',	0),
(3,	'Guest',	'Guest',	0,	'2015-01-04 06:44:22',	'2015-01-04 06:44:22',	'0000-00-00 00:00:00',	0),
(4,	'Sales',	'Sales',	1,	NULL,	NULL,	'0000-00-00 00:00:00',	0);

DROP TABLE IF EXISTS `user_group_permissions`;
CREATE TABLE `user_group_permissions` (
  `id` int(10) unsigned NOT NULL AUTO_INCREMENT,
  `user_group_id` int(10) unsigned NOT NULL,
  `controller` varchar(50) CHARACTER SET latin1 COLLATE latin1_general_ci NOT NULL,
  `action` varchar(100) CHARACTER SET latin1 COLLATE latin1_general_ci NOT NULL,
  `allowed` tinyint(1) unsigned NOT NULL DEFAULT '1',
  `deleted_date` datetime NOT NULL,
  `deleted` int(11) NOT NULL DEFAULT '0',
  PRIMARY KEY (`id`)
) ENGINE=InnoDB DEFAULT CHARSET=latin1;

INSERT INTO `user_group_permissions` (`id`, `user_group_id`, `controller`, `action`, `allowed`, `deleted_date`, `deleted`) VALUES
(1,	1,	'Pages',	'display',	1,	'0000-00-00 00:00:00',	0),
(2,	2,	'Pages',	'display',	1,	'0000-00-00 00:00:00',	0),
(3,	3,	'Pages',	'display',	1,	'0000-00-00 00:00:00',	0),
(4,	1,	'UserGroupPermissions',	'index',	1,	'0000-00-00 00:00:00',	0),
(5,	2,	'UserGroupPermissions',	'index',	0,	'0000-00-00 00:00:00',	0),
(6,	3,	'UserGroupPermissions',	'index',	0,	'0000-00-00 00:00:00',	0),
(7,	1,	'UserGroupPermissions',	'update',	1,	'0000-00-00 00:00:00',	0),
(8,	2,	'UserGroupPermissions',	'update',	0,	'0000-00-00 00:00:00',	0),
(9,	3,	'UserGroupPermissions',	'update',	0,	'0000-00-00 00:00:00',	0),
(10,	1,	'UserGroups',	'index',	1,	'0000-00-00 00:00:00',	0),
(11,	2,	'UserGroups',	'index',	0,	'0000-00-00 00:00:00',	0),
(12,	3,	'UserGroups',	'index',	0,	'0000-00-00 00:00:00',	0),
(13,	1,	'UserGroups',	'addGroup',	1,	'0000-00-00 00:00:00',	0),
(14,	2,	'UserGroups',	'addGroup',	0,	'0000-00-00 00:00:00',	0),
(15,	3,	'UserGroups',	'addGroup',	0,	'0000-00-00 00:00:00',	0),
(16,	1,	'UserGroups',	'editGroup',	1,	'0000-00-00 00:00:00',	0),
(17,	2,	'UserGroups',	'editGroup',	0,	'0000-00-00 00:00:00',	0),
(18,	3,	'UserGroups',	'editGroup',	0,	'0000-00-00 00:00:00',	0),
(19,	1,	'UserGroups',	'deleteGroup',	1,	'0000-00-00 00:00:00',	0),
(20,	2,	'UserGroups',	'deleteGroup',	0,	'0000-00-00 00:00:00',	0),
(21,	3,	'UserGroups',	'deleteGroup',	0,	'0000-00-00 00:00:00',	0),
(22,	1,	'Users',	'index',	1,	'0000-00-00 00:00:00',	0),
(23,	2,	'Users',	'index',	0,	'0000-00-00 00:00:00',	0),
(24,	3,	'Users',	'index',	0,	'0000-00-00 00:00:00',	0),
(25,	1,	'Users',	'viewUser',	1,	'0000-00-00 00:00:00',	0),
(26,	2,	'Users',	'viewUser',	0,	'0000-00-00 00:00:00',	0),
(27,	3,	'Users',	'viewUser',	0,	'0000-00-00 00:00:00',	0),
(28,	1,	'Users',	'myprofile',	1,	'0000-00-00 00:00:00',	0),
(29,	2,	'Users',	'myprofile',	1,	'0000-00-00 00:00:00',	0),
(30,	3,	'Users',	'myprofile',	0,	'0000-00-00 00:00:00',	0),
(31,	1,	'Users',	'login',	1,	'0000-00-00 00:00:00',	0),
(32,	2,	'Users',	'login',	1,	'0000-00-00 00:00:00',	0),
(33,	3,	'Users',	'login',	1,	'0000-00-00 00:00:00',	0),
(34,	1,	'Users',	'logout',	1,	'0000-00-00 00:00:00',	0),
(35,	2,	'Users',	'logout',	1,	'0000-00-00 00:00:00',	0),
(36,	3,	'Users',	'logout',	1,	'0000-00-00 00:00:00',	0),
(37,	1,	'Users',	'register',	1,	'0000-00-00 00:00:00',	0),
(38,	2,	'Users',	'register',	1,	'0000-00-00 00:00:00',	0),
(39,	3,	'Users',	'register',	1,	'0000-00-00 00:00:00',	0),
(40,	1,	'Users',	'changePassword',	1,	'0000-00-00 00:00:00',	0),
(41,	2,	'Users',	'changePassword',	1,	'0000-00-00 00:00:00',	0),
(42,	3,	'Users',	'changePassword',	0,	'0000-00-00 00:00:00',	0),
(43,	1,	'Users',	'changeUserPassword',	1,	'0000-00-00 00:00:00',	0),
(44,	2,	'Users',	'changeUserPassword',	0,	'0000-00-00 00:00:00',	0),
(45,	3,	'Users',	'changeUserPassword',	0,	'0000-00-00 00:00:00',	0),
(46,	1,	'Users',	'addUser',	1,	'0000-00-00 00:00:00',	0),
(47,	2,	'Users',	'addUser',	0,	'0000-00-00 00:00:00',	0),
(48,	3,	'Users',	'addUser',	0,	'0000-00-00 00:00:00',	0),
(49,	1,	'Users',	'editUser',	1,	'0000-00-00 00:00:00',	0),
(50,	2,	'Users',	'editUser',	0,	'0000-00-00 00:00:00',	0),
(51,	3,	'Users',	'editUser',	0,	'0000-00-00 00:00:00',	0),
(52,	1,	'Users',	'dashboard',	1,	'0000-00-00 00:00:00',	0),
(53,	2,	'Users',	'dashboard',	1,	'0000-00-00 00:00:00',	0),
(54,	3,	'Users',	'dashboard',	0,	'0000-00-00 00:00:00',	0),
(55,	1,	'Users',	'deleteUser',	1,	'0000-00-00 00:00:00',	0),
(56,	2,	'Users',	'deleteUser',	0,	'0000-00-00 00:00:00',	0),
(57,	3,	'Users',	'deleteUser',	0,	'0000-00-00 00:00:00',	0),
(58,	1,	'Users',	'makeActive',	1,	'0000-00-00 00:00:00',	0),
(59,	2,	'Users',	'makeActive',	0,	'0000-00-00 00:00:00',	0),
(60,	3,	'Users',	'makeActive',	0,	'0000-00-00 00:00:00',	0),
(61,	1,	'Users',	'accessDenied',	1,	'0000-00-00 00:00:00',	0),
(62,	2,	'Users',	'accessDenied',	1,	'0000-00-00 00:00:00',	0),
(63,	3,	'Users',	'accessDenied',	1,	'0000-00-00 00:00:00',	0),
(64,	1,	'Users',	'userVerification',	1,	'0000-00-00 00:00:00',	0),
(65,	2,	'Users',	'userVerification',	1,	'0000-00-00 00:00:00',	0),
(66,	3,	'Users',	'userVerification',	1,	'0000-00-00 00:00:00',	0),
(67,	1,	'Users',	'forgotPassword',	1,	'0000-00-00 00:00:00',	0),
(68,	2,	'Users',	'forgotPassword',	1,	'0000-00-00 00:00:00',	0),
(69,	3,	'Users',	'forgotPassword',	1,	'0000-00-00 00:00:00',	0),
(70,	1,	'Users',	'makeActiveInactive',	1,	'0000-00-00 00:00:00',	0),
(71,	2,	'Users',	'makeActiveInactive',	0,	'0000-00-00 00:00:00',	0),
(72,	3,	'Users',	'makeActiveInactive',	0,	'0000-00-00 00:00:00',	0),
(73,	1,	'Users',	'verifyEmail',	1,	'0000-00-00 00:00:00',	0),
(74,	2,	'Users',	'verifyEmail',	0,	'0000-00-00 00:00:00',	0),
(75,	3,	'Users',	'verifyEmail',	0,	'0000-00-00 00:00:00',	0),
(76,	1,	'Users',	'activatePassword',	1,	'0000-00-00 00:00:00',	0),
(77,	2,	'Users',	'activatePassword',	1,	'0000-00-00 00:00:00',	0),
(78,	3,	'Users',	'activatePassword',	1,	'0000-00-00 00:00:00',	0),
(79,	1,	'Accounts',	'index',	1,	'0000-00-00 00:00:00',	0),
(80,	2,	'Accounts',	'index',	1,	'0000-00-00 00:00:00',	0),
(81,	3,	'Accounts',	'index',	0,	'0000-00-00 00:00:00',	0),
(82,	4,	'Accounts',	'index',	0,	'0000-00-00 00:00:00',	0),
(83,	1,	'Accounts',	'view',	1,	'0000-00-00 00:00:00',	0),
(84,	2,	'Accounts',	'view',	1,	'0000-00-00 00:00:00',	0),
(85,	3,	'Accounts',	'view',	0,	'0000-00-00 00:00:00',	0),
(86,	4,	'Accounts',	'view',	0,	'0000-00-00 00:00:00',	0),
(87,	1,	'Accounts',	'add',	1,	'0000-00-00 00:00:00',	0),
(88,	2,	'Accounts',	'add',	1,	'0000-00-00 00:00:00',	0),
(89,	3,	'Accounts',	'add',	0,	'0000-00-00 00:00:00',	0),
(90,	4,	'Accounts',	'add',	0,	'0000-00-00 00:00:00',	0),
(91,	1,	'Accounts',	'edit',	1,	'0000-00-00 00:00:00',	0),
(92,	2,	'Accounts',	'edit',	1,	'0000-00-00 00:00:00',	0),
(93,	3,	'Accounts',	'edit',	0,	'0000-00-00 00:00:00',	0),
(94,	4,	'Accounts',	'edit',	0,	'0000-00-00 00:00:00',	0),
(95,	1,	'Accounts',	'delete',	1,	'0000-00-00 00:00:00',	0),
(96,	2,	'Accounts',	'delete',	1,	'0000-00-00 00:00:00',	0),
(97,	3,	'Accounts',	'delete',	0,	'0000-00-00 00:00:00',	0),
(98,	4,	'Accounts',	'delete',	0,	'0000-00-00 00:00:00',	0),
(99,	1,	'Api',	'caller_new',	1,	'0000-00-00 00:00:00',	0),
(100,	2,	'Api',	'caller_new',	1,	'0000-00-00 00:00:00',	0),
(101,	3,	'Api',	'caller_new',	0,	'0000-00-00 00:00:00',	0),
(102,	4,	'Api',	'caller_new',	0,	'0000-00-00 00:00:00',	0),
(103,	1,	'Api',	'caller_old',	1,	'0000-00-00 00:00:00',	0),
(104,	2,	'Api',	'caller_old',	1,	'0000-00-00 00:00:00',	0),
(105,	3,	'Api',	'caller_old',	0,	'0000-00-00 00:00:00',	0),
(106,	4,	'Api',	'caller_old',	0,	'0000-00-00 00:00:00',	0),
(107,	1,	'Api',	'caller_lookup',	1,	'0000-00-00 00:00:00',	0),
(108,	2,	'Api',	'caller_lookup',	1,	'0000-00-00 00:00:00',	0),
(109,	3,	'Api',	'caller_lookup',	0,	'0000-00-00 00:00:00',	0),
(110,	4,	'Api',	'caller_lookup',	0,	'0000-00-00 00:00:00',	0),
(111,	1,	'Api',	'cust_lookup',	1,	'0000-00-00 00:00:00',	0),
(112,	2,	'Api',	'cust_lookup',	1,	'0000-00-00 00:00:00',	0),
(113,	3,	'Api',	'cust_lookup',	0,	'0000-00-00 00:00:00',	0),
(114,	4,	'Api',	'cust_lookup',	0,	'0000-00-00 00:00:00',	0),
(115,	1,	'Api',	'lookup_OpenOrder',	1,	'0000-00-00 00:00:00',	0),
(116,	2,	'Api',	'lookup_OpenOrder',	1,	'0000-00-00 00:00:00',	0),
(117,	3,	'Api',	'lookup_OpenOrder',	0,	'0000-00-00 00:00:00',	0),
(118,	4,	'Api',	'lookup_OpenOrder',	0,	'0000-00-00 00:00:00',	0),
(119,	1,	'Api',	'lookup_suppliers',	1,	'0000-00-00 00:00:00',	0),
(120,	2,	'Api',	'lookup_suppliers',	1,	'0000-00-00 00:00:00',	0),
(121,	3,	'Api',	'lookup_suppliers',	0,	'0000-00-00 00:00:00',	0),
(122,	4,	'Api',	'lookup_suppliers',	0,	'0000-00-00 00:00:00',	0),
(123,	1,	'Api',	'send_supplier',	1,	'0000-00-00 00:00:00',	0),
(124,	2,	'Api',	'send_supplier',	1,	'0000-00-00 00:00:00',	0),
(125,	3,	'Api',	'send_supplier',	0,	'0000-00-00 00:00:00',	0),
(126,	4,	'Api',	'send_supplier',	0,	'0000-00-00 00:00:00',	0),
(127,	1,	'Api',	'lookup_TicketType',	1,	'0000-00-00 00:00:00',	0),
(128,	2,	'Api',	'lookup_TicketType',	1,	'0000-00-00 00:00:00',	0),
(129,	3,	'Api',	'lookup_TicketType',	0,	'0000-00-00 00:00:00',	0),
(130,	4,	'Api',	'lookup_TicketType',	0,	'0000-00-00 00:00:00',	0),
(131,	1,	'Api',	'maketicket',	1,	'0000-00-00 00:00:00',	0),
(132,	2,	'Api',	'maketicket',	1,	'0000-00-00 00:00:00',	0),
(133,	3,	'Api',	'maketicket',	0,	'0000-00-00 00:00:00',	0),
(134,	4,	'Api',	'maketicket',	0,	'0000-00-00 00:00:00',	0),
(135,	1,	'Api',	'lookup_users',	1,	'0000-00-00 00:00:00',	0),
(136,	2,	'Api',	'lookup_users',	1,	'0000-00-00 00:00:00',	0),
(137,	3,	'Api',	'lookup_users',	0,	'0000-00-00 00:00:00',	0),
(138,	4,	'Api',	'lookup_users',	0,	'0000-00-00 00:00:00',	0),
(139,	1,	'Api',	'search',	1,	'0000-00-00 00:00:00',	0),
(140,	2,	'Api',	'search',	1,	'0000-00-00 00:00:00',	0),
(141,	3,	'Api',	'search',	0,	'0000-00-00 00:00:00',	0),
(142,	4,	'Api',	'search',	0,	'0000-00-00 00:00:00',	0),
(143,	1,	'Api',	'update_version',	1,	'0000-00-00 00:00:00',	0),
(144,	2,	'Api',	'update_version',	1,	'0000-00-00 00:00:00',	0),
(145,	3,	'Api',	'update_version',	0,	'0000-00-00 00:00:00',	0),
(146,	4,	'Api',	'update_version',	0,	'0000-00-00 00:00:00',	0),
(147,	1,	'AuditDeltas',	'index',	1,	'0000-00-00 00:00:00',	0),
(148,	2,	'AuditDeltas',	'index',	1,	'0000-00-00 00:00:00',	0),
(149,	3,	'AuditDeltas',	'index',	0,	'0000-00-00 00:00:00',	0),
(150,	4,	'AuditDeltas',	'index',	0,	'0000-00-00 00:00:00',	0),
(151,	1,	'AuditDeltas',	'view',	1,	'0000-00-00 00:00:00',	0),
(152,	2,	'AuditDeltas',	'view',	1,	'0000-00-00 00:00:00',	0),
(153,	3,	'AuditDeltas',	'view',	0,	'0000-00-00 00:00:00',	0),
(154,	4,	'AuditDeltas',	'view',	0,	'0000-00-00 00:00:00',	0),
(155,	1,	'AuditDeltas',	'add',	1,	'0000-00-00 00:00:00',	0),
(156,	2,	'AuditDeltas',	'add',	1,	'0000-00-00 00:00:00',	0),
(157,	3,	'AuditDeltas',	'add',	0,	'0000-00-00 00:00:00',	0),
(158,	4,	'AuditDeltas',	'add',	0,	'0000-00-00 00:00:00',	0),
(159,	1,	'AuditDeltas',	'edit',	1,	'0000-00-00 00:00:00',	0),
(160,	2,	'AuditDeltas',	'edit',	1,	'0000-00-00 00:00:00',	0),
(161,	3,	'AuditDeltas',	'edit',	0,	'0000-00-00 00:00:00',	0),
(162,	4,	'AuditDeltas',	'edit',	0,	'0000-00-00 00:00:00',	0),
(163,	1,	'AuditDeltas',	'delete',	1,	'0000-00-00 00:00:00',	0),
(164,	2,	'AuditDeltas',	'delete',	1,	'0000-00-00 00:00:00',	0),
(165,	3,	'AuditDeltas',	'delete',	0,	'0000-00-00 00:00:00',	0),
(166,	4,	'AuditDeltas',	'delete',	0,	'0000-00-00 00:00:00',	0),
(167,	1,	'Audits',	'index',	1,	'0000-00-00 00:00:00',	0),
(168,	2,	'Audits',	'index',	1,	'0000-00-00 00:00:00',	0),
(169,	3,	'Audits',	'index',	0,	'0000-00-00 00:00:00',	0),
(170,	4,	'Audits',	'index',	0,	'0000-00-00 00:00:00',	0),
(171,	1,	'Audits',	'view',	1,	'0000-00-00 00:00:00',	0),
(172,	2,	'Audits',	'view',	1,	'0000-00-00 00:00:00',	0),
(173,	3,	'Audits',	'view',	0,	'0000-00-00 00:00:00',	0),
(174,	4,	'Audits',	'view',	0,	'0000-00-00 00:00:00',	0),
(175,	1,	'Audits',	'detail',	1,	'0000-00-00 00:00:00',	0),
(176,	2,	'Audits',	'detail',	1,	'0000-00-00 00:00:00',	0),
(177,	3,	'Audits',	'detail',	0,	'0000-00-00 00:00:00',	0),
(178,	4,	'Audits',	'detail',	0,	'0000-00-00 00:00:00',	0),
(179,	1,	'Audits',	'add',	1,	'0000-00-00 00:00:00',	0),
(180,	2,	'Audits',	'add',	1,	'0000-00-00 00:00:00',	0),
(181,	3,	'Audits',	'add',	0,	'0000-00-00 00:00:00',	0),
(182,	4,	'Audits',	'add',	0,	'0000-00-00 00:00:00',	0),
(183,	1,	'Audits',	'edit',	1,	'0000-00-00 00:00:00',	0),
(184,	2,	'Audits',	'edit',	1,	'0000-00-00 00:00:00',	0),
(185,	3,	'Audits',	'edit',	0,	'0000-00-00 00:00:00',	0),
(186,	4,	'Audits',	'edit',	0,	'0000-00-00 00:00:00',	0),
(187,	1,	'Audits',	'delete',	1,	'0000-00-00 00:00:00',	0),
(188,	2,	'Audits',	'delete',	1,	'0000-00-00 00:00:00',	0),
(189,	3,	'Audits',	'delete',	0,	'0000-00-00 00:00:00',	0),
(190,	4,	'Audits',	'delete',	0,	'0000-00-00 00:00:00',	0),
(191,	1,	'Banks',	'index',	1,	'0000-00-00 00:00:00',	0),
(192,	2,	'Banks',	'index',	1,	'0000-00-00 00:00:00',	0),
(193,	3,	'Banks',	'index',	0,	'0000-00-00 00:00:00',	0),
(194,	4,	'Banks',	'index',	0,	'0000-00-00 00:00:00',	0),
(195,	1,	'Banks',	'save',	1,	'0000-00-00 00:00:00',	0),
(196,	2,	'Banks',	'save',	1,	'0000-00-00 00:00:00',	0),
(197,	3,	'Banks',	'save',	0,	'0000-00-00 00:00:00',	0),
(198,	4,	'Banks',	'save',	0,	'0000-00-00 00:00:00',	0),
(199,	1,	'Banks',	'remove',	1,	'0000-00-00 00:00:00',	0),
(200,	2,	'Banks',	'remove',	1,	'0000-00-00 00:00:00',	0),
(201,	3,	'Banks',	'remove',	0,	'0000-00-00 00:00:00',	0),
(202,	4,	'Banks',	'remove',	0,	'0000-00-00 00:00:00',	0),
(203,	1,	'Belifurniture',	'index',	1,	'0000-00-00 00:00:00',	0),
(204,	2,	'Belifurniture',	'index',	1,	'0000-00-00 00:00:00',	0),
(205,	3,	'Belifurniture',	'index',	0,	'0000-00-00 00:00:00',	0),
(206,	4,	'Belifurniture',	'index',	0,	'0000-00-00 00:00:00',	0),
(207,	1,	'Belifurniture',	'product',	1,	'0000-00-00 00:00:00',	0),
(208,	2,	'Belifurniture',	'product',	1,	'0000-00-00 00:00:00',	0),
(209,	3,	'Belifurniture',	'product',	0,	'0000-00-00 00:00:00',	0),
(210,	4,	'Belifurniture',	'product',	0,	'0000-00-00 00:00:00',	0),
(211,	1,	'Big',	'display',	1,	'0000-00-00 00:00:00',	0),
(212,	2,	'Big',	'display',	1,	'0000-00-00 00:00:00',	0),
(213,	3,	'Big',	'display',	0,	'0000-00-00 00:00:00',	0),
(214,	4,	'Big',	'display',	0,	'0000-00-00 00:00:00',	0),
(215,	1,	'Big',	'tickets',	1,	'0000-00-00 00:00:00',	0),
(216,	2,	'Big',	'tickets',	1,	'0000-00-00 00:00:00',	0),
(217,	3,	'Big',	'tickets',	0,	'0000-00-00 00:00:00',	0),
(218,	4,	'Big',	'tickets',	0,	'0000-00-00 00:00:00',	0),
(219,	1,	'Big',	'delivery',	1,	'0000-00-00 00:00:00',	0),
(220,	2,	'Big',	'delivery',	1,	'0000-00-00 00:00:00',	0),
(221,	3,	'Big',	'delivery',	0,	'0000-00-00 00:00:00',	0),
(222,	4,	'Big',	'delivery',	0,	'0000-00-00 00:00:00',	0),
(223,	1,	'BonusPayments',	'index',	1,	'0000-00-00 00:00:00',	0),
(224,	2,	'BonusPayments',	'index',	1,	'0000-00-00 00:00:00',	0),
(225,	3,	'BonusPayments',	'index',	0,	'0000-00-00 00:00:00',	0),
(226,	4,	'BonusPayments',	'index',	0,	'0000-00-00 00:00:00',	0),
(227,	1,	'BonusPayments',	'view',	1,	'0000-00-00 00:00:00',	0),
(228,	2,	'BonusPayments',	'view',	1,	'0000-00-00 00:00:00',	0),
(229,	3,	'BonusPayments',	'view',	0,	'0000-00-00 00:00:00',	0),
(230,	4,	'BonusPayments',	'view',	0,	'0000-00-00 00:00:00',	0),
(231,	1,	'BonusPayments',	'add',	1,	'0000-00-00 00:00:00',	0),
(232,	2,	'BonusPayments',	'add',	1,	'0000-00-00 00:00:00',	0),
(233,	3,	'BonusPayments',	'add',	0,	'0000-00-00 00:00:00',	0),
(234,	4,	'BonusPayments',	'add',	0,	'0000-00-00 00:00:00',	0),
(235,	1,	'BonusPayments',	'edit',	1,	'0000-00-00 00:00:00',	0),
(236,	2,	'BonusPayments',	'edit',	1,	'0000-00-00 00:00:00',	0),
(237,	3,	'BonusPayments',	'edit',	0,	'0000-00-00 00:00:00',	0),
(238,	4,	'BonusPayments',	'edit',	0,	'0000-00-00 00:00:00',	0),
(239,	1,	'BonusPayments',	'delete',	1,	'0000-00-00 00:00:00',	0),
(240,	2,	'BonusPayments',	'delete',	1,	'0000-00-00 00:00:00',	0),
(241,	3,	'BonusPayments',	'delete',	0,	'0000-00-00 00:00:00',	0),
(242,	4,	'BonusPayments',	'delete',	0,	'0000-00-00 00:00:00',	0),
(243,	1,	'Bonuses',	'index',	1,	'0000-00-00 00:00:00',	0),
(244,	2,	'Bonuses',	'index',	1,	'0000-00-00 00:00:00',	0),
(245,	3,	'Bonuses',	'index',	0,	'0000-00-00 00:00:00',	0),
(246,	4,	'Bonuses',	'index',	0,	'0000-00-00 00:00:00',	0),
(247,	1,	'Bonuses',	'view',	1,	'0000-00-00 00:00:00',	0),
(248,	2,	'Bonuses',	'view',	1,	'0000-00-00 00:00:00',	0),
(249,	3,	'Bonuses',	'view',	0,	'0000-00-00 00:00:00',	0),
(250,	4,	'Bonuses',	'view',	0,	'0000-00-00 00:00:00',	0),
(251,	1,	'Bonuses',	'add',	1,	'0000-00-00 00:00:00',	0),
(252,	2,	'Bonuses',	'add',	1,	'0000-00-00 00:00:00',	0),
(253,	3,	'Bonuses',	'add',	0,	'0000-00-00 00:00:00',	0),
(254,	4,	'Bonuses',	'add',	0,	'0000-00-00 00:00:00',	0),
(255,	1,	'Bonuses',	'edit',	1,	'0000-00-00 00:00:00',	0),
(256,	2,	'Bonuses',	'edit',	1,	'0000-00-00 00:00:00',	0),
(257,	3,	'Bonuses',	'edit',	0,	'0000-00-00 00:00:00',	0),
(258,	4,	'Bonuses',	'edit',	0,	'0000-00-00 00:00:00',	0),
(259,	1,	'Bonuses',	'delete',	1,	'0000-00-00 00:00:00',	0),
(260,	2,	'Bonuses',	'delete',	1,	'0000-00-00 00:00:00',	0),
(261,	3,	'Bonuses',	'delete',	0,	'0000-00-00 00:00:00',	0),
(262,	4,	'Bonuses',	'delete',	0,	'0000-00-00 00:00:00',	0),
(263,	1,	'Buys',	'index',	1,	'0000-00-00 00:00:00',	0),
(264,	2,	'Buys',	'index',	1,	'0000-00-00 00:00:00',	0),
(265,	3,	'Buys',	'index',	0,	'0000-00-00 00:00:00',	0),
(266,	4,	'Buys',	'index',	0,	'0000-00-00 00:00:00',	0),
(267,	1,	'Buys',	'view',	1,	'0000-00-00 00:00:00',	0),
(268,	2,	'Buys',	'view',	1,	'0000-00-00 00:00:00',	0),
(269,	3,	'Buys',	'view',	0,	'0000-00-00 00:00:00',	0),
(270,	4,	'Buys',	'view',	0,	'0000-00-00 00:00:00',	0),
(271,	1,	'Buys',	'add',	1,	'0000-00-00 00:00:00',	0),
(272,	2,	'Buys',	'add',	1,	'0000-00-00 00:00:00',	0),
(273,	3,	'Buys',	'add',	0,	'0000-00-00 00:00:00',	0),
(274,	4,	'Buys',	'add',	0,	'0000-00-00 00:00:00',	0),
(275,	1,	'Buys',	'edit',	1,	'0000-00-00 00:00:00',	0),
(276,	2,	'Buys',	'edit',	1,	'0000-00-00 00:00:00',	0),
(277,	3,	'Buys',	'edit',	0,	'0000-00-00 00:00:00',	0),
(278,	4,	'Buys',	'edit',	0,	'0000-00-00 00:00:00',	0),
(279,	1,	'Buys',	'delete',	1,	'0000-00-00 00:00:00',	0),
(280,	2,	'Buys',	'delete',	1,	'0000-00-00 00:00:00',	0),
(281,	3,	'Buys',	'delete',	0,	'0000-00-00 00:00:00',	0),
(282,	4,	'Buys',	'delete',	0,	'0000-00-00 00:00:00',	0),
(283,	1,	'Buys',	'admin_index',	1,	'0000-00-00 00:00:00',	0),
(284,	2,	'Buys',	'admin_index',	1,	'0000-00-00 00:00:00',	0),
(285,	3,	'Buys',	'admin_index',	0,	'0000-00-00 00:00:00',	0),
(286,	4,	'Buys',	'admin_index',	0,	'0000-00-00 00:00:00',	0),
(287,	1,	'Buys',	'admin_view',	1,	'0000-00-00 00:00:00',	0),
(288,	2,	'Buys',	'admin_view',	1,	'0000-00-00 00:00:00',	0),
(289,	3,	'Buys',	'admin_view',	0,	'0000-00-00 00:00:00',	0),
(290,	4,	'Buys',	'admin_view',	0,	'0000-00-00 00:00:00',	0),
(291,	1,	'Buys',	'admin_add',	1,	'0000-00-00 00:00:00',	0),
(292,	2,	'Buys',	'admin_add',	1,	'0000-00-00 00:00:00',	0),
(293,	3,	'Buys',	'admin_add',	0,	'0000-00-00 00:00:00',	0),
(294,	4,	'Buys',	'admin_add',	0,	'0000-00-00 00:00:00',	0),
(295,	1,	'Buys',	'admin_edit',	1,	'0000-00-00 00:00:00',	0),
(296,	2,	'Buys',	'admin_edit',	1,	'0000-00-00 00:00:00',	0),
(297,	3,	'Buys',	'admin_edit',	0,	'0000-00-00 00:00:00',	0),
(298,	4,	'Buys',	'admin_edit',	0,	'0000-00-00 00:00:00',	0),
(299,	1,	'Buys',	'admin_delete',	1,	'0000-00-00 00:00:00',	0),
(300,	2,	'Buys',	'admin_delete',	1,	'0000-00-00 00:00:00',	0),
(301,	3,	'Buys',	'admin_delete',	0,	'0000-00-00 00:00:00',	0),
(302,	4,	'Buys',	'admin_delete',	0,	'0000-00-00 00:00:00',	0),
(303,	1,	'Callers',	'index',	1,	'0000-00-00 00:00:00',	0),
(304,	2,	'Callers',	'index',	1,	'0000-00-00 00:00:00',	0),
(305,	3,	'Callers',	'index',	0,	'0000-00-00 00:00:00',	0),
(306,	4,	'Callers',	'index',	0,	'0000-00-00 00:00:00',	0),
(307,	1,	'Callers',	'transfer',	1,	'0000-00-00 00:00:00',	0),
(308,	2,	'Callers',	'transfer',	1,	'0000-00-00 00:00:00',	0),
(309,	3,	'Callers',	'transfer',	0,	'0000-00-00 00:00:00',	0),
(310,	4,	'Callers',	'transfer',	0,	'0000-00-00 00:00:00',	0),
(311,	1,	'Callers',	'logs',	1,	'0000-00-00 00:00:00',	0),
(312,	2,	'Callers',	'logs',	1,	'0000-00-00 00:00:00',	0),
(313,	3,	'Callers',	'logs',	0,	'0000-00-00 00:00:00',	0),
(314,	4,	'Callers',	'logs',	0,	'0000-00-00 00:00:00',	0),
(315,	1,	'Cashflow',	'index',	1,	'0000-00-00 00:00:00',	0),
(316,	2,	'Cashflow',	'index',	1,	'0000-00-00 00:00:00',	0),
(317,	3,	'Cashflow',	'index',	0,	'0000-00-00 00:00:00',	0),
(318,	4,	'Cashflow',	'index',	0,	'0000-00-00 00:00:00',	0),
(319,	1,	'Cashflow',	'getRange',	1,	'0000-00-00 00:00:00',	0),
(320,	2,	'Cashflow',	'getRange',	1,	'0000-00-00 00:00:00',	0),
(321,	3,	'Cashflow',	'getRange',	0,	'0000-00-00 00:00:00',	0),
(322,	4,	'Cashflow',	'getRange',	0,	'0000-00-00 00:00:00',	0),
(323,	1,	'Categories',	'index',	1,	'0000-00-00 00:00:00',	0),
(324,	2,	'Categories',	'index',	1,	'0000-00-00 00:00:00',	0),
(325,	3,	'Categories',	'index',	0,	'0000-00-00 00:00:00',	0),
(326,	4,	'Categories',	'index',	0,	'0000-00-00 00:00:00',	0),
(327,	1,	'Categories',	'view',	1,	'0000-00-00 00:00:00',	0),
(328,	2,	'Categories',	'view',	1,	'0000-00-00 00:00:00',	0),
(329,	3,	'Categories',	'view',	0,	'0000-00-00 00:00:00',	0),
(330,	4,	'Categories',	'view',	0,	'0000-00-00 00:00:00',	0),
(331,	1,	'Categories',	'add',	1,	'0000-00-00 00:00:00',	0),
(332,	2,	'Categories',	'add',	1,	'0000-00-00 00:00:00',	0),
(333,	3,	'Categories',	'add',	0,	'0000-00-00 00:00:00',	0),
(334,	4,	'Categories',	'add',	0,	'0000-00-00 00:00:00',	0),
(335,	1,	'Categories',	'edit',	1,	'0000-00-00 00:00:00',	0),
(336,	2,	'Categories',	'edit',	1,	'0000-00-00 00:00:00',	0),
(337,	3,	'Categories',	'edit',	0,	'0000-00-00 00:00:00',	0),
(338,	4,	'Categories',	'edit',	0,	'0000-00-00 00:00:00',	0),
(339,	1,	'Categories',	'delete',	1,	'0000-00-00 00:00:00',	0),
(340,	2,	'Categories',	'delete',	1,	'0000-00-00 00:00:00',	0),
(341,	3,	'Categories',	'delete',	0,	'0000-00-00 00:00:00',	0),
(342,	4,	'Categories',	'delete',	0,	'0000-00-00 00:00:00',	0),
(343,	1,	'Checkorder',	'base',	1,	'0000-00-00 00:00:00',	0),
(344,	2,	'Checkorder',	'base',	1,	'0000-00-00 00:00:00',	0),
(345,	3,	'Checkorder',	'base',	0,	'0000-00-00 00:00:00',	0),
(346,	4,	'Checkorder',	'base',	0,	'0000-00-00 00:00:00',	0),
(347,	1,	'Checkorder',	'save_discount',	1,	'0000-00-00 00:00:00',	0),
(348,	2,	'Checkorder',	'save_discount',	1,	'0000-00-00 00:00:00',	0),
(349,	3,	'Checkorder',	'save_discount',	0,	'0000-00-00 00:00:00',	0),
(350,	4,	'Checkorder',	'save_discount',	0,	'0000-00-00 00:00:00',	0),
(351,	1,	'Checkorder',	'invoice_prep',	1,	'0000-00-00 00:00:00',	0),
(352,	2,	'Checkorder',	'invoice_prep',	1,	'0000-00-00 00:00:00',	0),
(353,	2,	'Checkorder',	'invoicegen',	1,	'0000-00-00 00:00:00',	0),
(354,	2,	'Checkorder',	'accept',	1,	'0000-00-00 00:00:00',	0),
(355,	2,	'Checkorder',	'reject',	1,	'0000-00-00 00:00:00',	0),
(356,	2,	'Checkorder',	'getNextId',	1,	'0000-00-00 00:00:00',	0),
(357,	2,	'Checkorder',	'pendingOrderValidation',	1,	'0000-00-00 00:00:00',	0),
(358,	2,	'Checkorder',	'gateway',	1,	'0000-00-00 00:00:00',	0),
(359,	2,	'Checkorder',	'next',	1,	'0000-00-00 00:00:00',	0),
(360,	2,	'Checkorder',	'getName',	1,	'0000-00-00 00:00:00',	0),
(361,	2,	'Cities',	'index',	1,	'0000-00-00 00:00:00',	0),
(362,	2,	'Cities',	'view',	1,	'0000-00-00 00:00:00',	0),
(363,	2,	'Cities',	'add',	1,	'0000-00-00 00:00:00',	0),
(364,	2,	'Cities',	'edit',	1,	'0000-00-00 00:00:00',	0),
(365,	2,	'Cities',	'generate',	1,	'0000-00-00 00:00:00',	0),
(366,	2,	'Cities',	'city_migration',	1,	'0000-00-00 00:00:00',	0),
(367,	2,	'Cities',	'merge_city',	1,	'0000-00-00 00:00:00',	0),
(368,	2,	'Coas',	'index',	1,	'0000-00-00 00:00:00',	0),
(369,	2,	'Coas',	'load',	1,	'0000-00-00 00:00:00',	0),
(370,	2,	'Coas',	'add',	1,	'0000-00-00 00:00:00',	0),
(371,	2,	'Coas',	'account',	1,	'0000-00-00 00:00:00',	0),
(372,	2,	'Coas',	'remove',	1,	'0000-00-00 00:00:00',	0),
(373,	2,	'ComBackgrounds',	'index',	1,	'0000-00-00 00:00:00',	0),
(374,	2,	'ComBackgrounds',	'view',	1,	'0000-00-00 00:00:00',	0),
(375,	2,	'ComBackgrounds',	'add',	1,	'0000-00-00 00:00:00',	0),
(376,	2,	'ComBackgrounds',	'edit',	1,	'0000-00-00 00:00:00',	0),
(377,	2,	'ComBackgrounds',	'delete',	1,	'0000-00-00 00:00:00',	0),
(378,	2,	'Configs',	'index',	1,	'0000-00-00 00:00:00',	0),
(379,	2,	'Configs',	'view',	1,	'0000-00-00 00:00:00',	0),
(380,	2,	'Configs',	'getConfig',	1,	'0000-00-00 00:00:00',	0),
(381,	2,	'Configs',	'add',	1,	'0000-00-00 00:00:00',	0),
(382,	2,	'Configs',	'edit',	1,	'0000-00-00 00:00:00',	0),
(383,	2,	'Configs',	'delete',	1,	'0000-00-00 00:00:00',	0),
(384,	2,	'Configs',	'keepalive',	1,	'0000-00-00 00:00:00',	0),
(385,	2,	'Configs',	'set_miniview',	1,	'0000-00-00 00:00:00',	0),
(386,	2,	'Counter',	'index',	1,	'0000-00-00 00:00:00',	0),
(387,	2,	'Countries',	'index',	1,	'0000-00-00 00:00:00',	0),
(388,	2,	'Countries',	'view',	1,	'0000-00-00 00:00:00',	0),
(389,	2,	'Countries',	'add',	1,	'0000-00-00 00:00:00',	0),
(390,	2,	'Countries',	'edit',	1,	'0000-00-00 00:00:00',	0),
(391,	2,	'Countries',	'delete',	1,	'0000-00-00 00:00:00',	0),
(392,	2,	'Currencies',	'index',	1,	'0000-00-00 00:00:00',	0),
(393,	2,	'Currencies',	'view',	1,	'0000-00-00 00:00:00',	0),
(394,	2,	'Currencies',	'add',	1,	'0000-00-00 00:00:00',	0),
(395,	2,	'Currencies',	'edit',	1,	'0000-00-00 00:00:00',	0),
(396,	2,	'Currencies',	'delete',	1,	'0000-00-00 00:00:00',	0),
(397,	2,	'Currencyrates',	'index',	1,	'0000-00-00 00:00:00',	0),
(398,	2,	'Currencyrates',	'view',	1,	'0000-00-00 00:00:00',	0),
(399,	2,	'Currencyrates',	'add',	1,	'0000-00-00 00:00:00',	0),
(400,	2,	'Currencyrates',	'edit',	1,	'0000-00-00 00:00:00',	0),
(401,	2,	'Currencyrates',	'delete',	1,	'0000-00-00 00:00:00',	0),
(402,	2,	'CustomerBanks',	'index',	1,	'0000-00-00 00:00:00',	0),
(403,	2,	'CustomerBanks',	'view',	1,	'0000-00-00 00:00:00',	0),
(404,	2,	'CustomerBanks',	'add',	1,	'0000-00-00 00:00:00',	0),
(405,	2,	'CustomerBanks',	'edit',	1,	'0000-00-00 00:00:00',	0),
(406,	2,	'CustomerBanks',	'delete',	1,	'0000-00-00 00:00:00',	0),
(407,	2,	'CustomerStates',	'index',	1,	'0000-00-00 00:00:00',	0),
(408,	2,	'CustomerStates',	'view',	1,	'0000-00-00 00:00:00',	0),
(409,	2,	'CustomerStates',	'add',	1,	'0000-00-00 00:00:00',	0),
(410,	2,	'CustomerStates',	'edit',	1,	'0000-00-00 00:00:00',	0),
(411,	2,	'CustomerStates',	'delete',	1,	'0000-00-00 00:00:00',	0),
(412,	2,	'CustomerStates',	'admin_index',	1,	'0000-00-00 00:00:00',	0),
(413,	2,	'CustomerStates',	'admin_view',	1,	'0000-00-00 00:00:00',	0),
(414,	2,	'CustomerStates',	'admin_add',	1,	'0000-00-00 00:00:00',	0),
(415,	2,	'CustomerStates',	'admin_edit',	1,	'0000-00-00 00:00:00',	0),
(416,	2,	'CustomerStates',	'admin_delete',	1,	'0000-00-00 00:00:00',	0),
(417,	2,	'CustomerTickets',	'index',	1,	'0000-00-00 00:00:00',	0),
(418,	2,	'CustomerTickets',	'check_tickets',	1,	'0000-00-00 00:00:00',	0),
(419,	2,	'CustomerTickets',	'getDisplayTicketUsers',	1,	'0000-00-00 00:00:00',	0),
(420,	2,	'Customers',	'index',	1,	'0000-00-00 00:00:00',	0),
(421,	2,	'Customers',	'scroll',	1,	'0000-00-00 00:00:00',	0),
(422,	2,	'Customers',	'graph',	1,	'0000-00-00 00:00:00',	0),
(423,	2,	'Customers',	'view',	1,	'0000-00-00 00:00:00',	0),
(424,	2,	'Customers',	'add',	1,	'0000-00-00 00:00:00',	0),
(425,	2,	'Customers',	'edit',	1,	'0000-00-00 00:00:00',	0),
(426,	2,	'Customers',	'delete',	1,	'0000-00-00 00:00:00',	0),
(427,	2,	'Customers',	'admin_index',	1,	'0000-00-00 00:00:00',	0),
(428,	2,	'Customers',	'admin_view',	1,	'0000-00-00 00:00:00',	0),
(429,	2,	'Customers',	'admin_add',	1,	'0000-00-00 00:00:00',	0),
(430,	2,	'Customers',	'admin_edit',	1,	'0000-00-00 00:00:00',	0),
(431,	2,	'Customers',	'admin_delete',	1,	'0000-00-00 00:00:00',	0),
(432,	2,	'Customers',	'merge',	1,	'0000-00-00 00:00:00',	0),
(433,	2,	'Customers',	'merge2',	1,	'0000-00-00 00:00:00',	0),
(434,	2,	'Customers',	'cetak',	1,	'0000-00-00 00:00:00',	0),
(435,	2,	'Dashboard',	'index',	0,	'0000-00-00 00:00:00',	0),
(436,	2,	'Dashboard',	'index3',	0,	'0000-00-00 00:00:00',	0),
(437,	2,	'Dashboard',	'index2',	0,	'0000-00-00 00:00:00',	0),
(438,	2,	'Dashboard',	'about',	0,	'0000-00-00 00:00:00',	0),
(439,	2,	'Dashboard',	'home',	0,	'0000-00-00 00:00:00',	0),
(440,	2,	'Deadline',	'index',	1,	'0000-00-00 00:00:00',	0),
(441,	2,	'Deadline',	'ganti_tanggal',	1,	'0000-00-00 00:00:00',	0),
(442,	2,	'Deadline',	'getTagihanCount',	1,	'0000-00-00 00:00:00',	0),
(443,	2,	'Delivery',	'index',	1,	'0000-00-00 00:00:00',	0),
(444,	2,	'Delivery',	'predelivery_check',	1,	'0000-00-00 00:00:00',	0),
(445,	1,	'Dashboard',	'index',	1,	'0000-00-00 00:00:00',	0),
(446,	3,	'Dashboard',	'index',	0,	'0000-00-00 00:00:00',	0),
(447,	4,	'Dashboard',	'index',	0,	'0000-00-00 00:00:00',	0),
(448,	1,	'Dashboard',	'index3',	1,	'0000-00-00 00:00:00',	0),
(449,	3,	'Dashboard',	'index3',	0,	'0000-00-00 00:00:00',	0),
(450,	4,	'Dashboard',	'index3',	0,	'0000-00-00 00:00:00',	0),
(451,	1,	'Dashboard',	'index2',	1,	'0000-00-00 00:00:00',	0),
(452,	3,	'Dashboard',	'index2',	0,	'0000-00-00 00:00:00',	0),
(453,	4,	'Dashboard',	'index2',	0,	'0000-00-00 00:00:00',	0),
(454,	1,	'Dashboard',	'about',	1,	'0000-00-00 00:00:00',	0),
(455,	3,	'Dashboard',	'about',	0,	'0000-00-00 00:00:00',	0),
(456,	4,	'Dashboard',	'about',	0,	'0000-00-00 00:00:00',	0),
(457,	1,	'Dashboard',	'home',	1,	'0000-00-00 00:00:00',	0),
(458,	3,	'Dashboard',	'home',	0,	'0000-00-00 00:00:00',	0),
(459,	4,	'Dashboard',	'home',	0,	'0000-00-00 00:00:00',	0),
(460,	1,	'Posend',	'base',	1,	'0000-00-00 00:00:00',	0),
(461,	2,	'Posend',	'base',	1,	'0000-00-00 00:00:00',	0),
(462,	3,	'Posend',	'base',	0,	'0000-00-00 00:00:00',	0),
(463,	4,	'Posend',	'base',	1,	'0000-00-00 00:00:00',	0),
(464,	1,	'Posend',	'getStockId',	1,	'0000-00-00 00:00:00',	0),
(465,	2,	'Posend',	'getStockId',	1,	'0000-00-00 00:00:00',	0),
(466,	3,	'Posend',	'getStockId',	1,	'0000-00-00 00:00:00',	0),
(467,	4,	'Posend',	'getStockId',	1,	'0000-00-00 00:00:00',	0),
(468,	1,	'Pocreate',	'base',	1,	'0000-00-00 00:00:00',	0),
(469,	2,	'Pocreate',	'base',	1,	'0000-00-00 00:00:00',	0),
(470,	3,	'Pocreate',	'base',	1,	'0000-00-00 00:00:00',	0),
(471,	4,	'Pocreate',	'base',	1,	'0000-00-00 00:00:00',	0),
(472,	4,	'Users',	'register',	1,	'0000-00-00 00:00:00',	0),
(473,	1,	'Salesorders',	'index',	1,	'0000-00-00 00:00:00',	0),
(474,	2,	'Salesorders',	'index',	1,	'0000-00-00 00:00:00',	0),
(475,	3,	'Salesorders',	'index',	0,	'0000-00-00 00:00:00',	0),
(476,	4,	'Salesorders',	'index',	0,	'0000-00-00 00:00:00',	0),
(477,	1,	'Salesorders',	'view',	0,	'0000-00-00 00:00:00',	0),
(478,	2,	'Salesorders',	'view',	0,	'0000-00-00 00:00:00',	0),
(479,	3,	'Salesorders',	'view',	0,	'0000-00-00 00:00:00',	0),
(480,	4,	'Salesorders',	'view',	0,	'0000-00-00 00:00:00',	0),
(481,	1,	'Salesorders',	'add',	0,	'0000-00-00 00:00:00',	0),
(482,	2,	'Salesorders',	'add',	0,	'0000-00-00 00:00:00',	0),
(483,	3,	'Salesorders',	'add',	0,	'0000-00-00 00:00:00',	0),
(484,	4,	'Salesorders',	'add',	0,	'0000-00-00 00:00:00',	0),
(485,	1,	'Salesorders',	'edit',	0,	'0000-00-00 00:00:00',	0),
(486,	2,	'Salesorders',	'edit',	0,	'0000-00-00 00:00:00',	0),
(487,	3,	'Salesorders',	'edit',	0,	'0000-00-00 00:00:00',	0),
(488,	4,	'Salesorders',	'edit',	0,	'0000-00-00 00:00:00',	0),
(489,	1,	'Salesorders',	'delete',	0,	'0000-00-00 00:00:00',	0),
(490,	2,	'Salesorders',	'delete',	0,	'0000-00-00 00:00:00',	0),
(491,	3,	'Salesorders',	'delete',	0,	'0000-00-00 00:00:00',	0),
(492,	4,	'Salesorders',	'delete',	0,	'0000-00-00 00:00:00',	0),
(493,	1,	'Users',	'forget_password',	0,	'0000-00-00 00:00:00',	0),
(494,	2,	'Users',	'forget_password',	0,	'0000-00-00 00:00:00',	0),
(495,	3,	'Users',	'forget_password',	1,	'0000-00-00 00:00:00',	0),
(496,	4,	'Users',	'forget_password',	0,	'0000-00-00 00:00:00',	0),
(497,	1,	'Users',	'add',	0,	'0000-00-00 00:00:00',	0),
(498,	2,	'Users',	'add',	0,	'0000-00-00 00:00:00',	0),
(499,	3,	'Users',	'add',	0,	'0000-00-00 00:00:00',	0),
(500,	4,	'Users',	'add',	0,	'0000-00-00 00:00:00',	0),
(501,	1,	'Users',	'profile',	0,	'0000-00-00 00:00:00',	0),
(502,	2,	'Users',	'profile',	0,	'0000-00-00 00:00:00',	0),
(503,	3,	'Users',	'profile',	0,	'0000-00-00 00:00:00',	0),
(504,	4,	'Users',	'profile',	0,	'0000-00-00 00:00:00',	0),
(505,	1,	'Users',	'social_endpoint',	1,	'0000-00-00 00:00:00',	0),
(506,	2,	'Users',	'social_endpoint',	1,	'0000-00-00 00:00:00',	0),
(507,	3,	'Users',	'social_endpoint',	1,	'0000-00-00 00:00:00',	0),
(508,	4,	'Users',	'social_endpoint',	1,	'0000-00-00 00:00:00',	0),
(509,	1,	'Users',	'social_login',	1,	'0000-00-00 00:00:00',	0),
(510,	2,	'Users',	'social_login',	1,	'0000-00-00 00:00:00',	0),
(511,	3,	'Users',	'social_login',	1,	'0000-00-00 00:00:00',	0),
(512,	4,	'Users',	'social_login',	1,	'0000-00-00 00:00:00',	0);

-- 2018-07-16 17:01:28
